BGC0000024	cae02601.1	CAE02601.1
BGC0000024	cae02603.1	CAE02603.1
BGC0000026	aak83178.1	AAK83178.1
BGC0000026	aak83178.1	AAK83178.1
BGC0000026	aak83194.1	AAK83194.1
BGC0000026	aak83194.1	AAK83194.1
BGC0000027	2362mppks5	2362MpPKS5
BGC0000031	cae45672.1	CAE45672.1
BGC0000031	cae45672.1	CAE45672.1
BGC0000031	cae45660.1	CAE45660.1
BGC0000031	cae45660.1	CAE45660.1
BGC0000038	sco6273	SCO6273
BGC0000038	sco6273	SCO6273
BGC0000046	acz57548.1	ACZ57548.1
BGC0000055	sace_0729	SACE_0729
BGC0000055	sace_0729	SACE_0729
BGC0000065	ade22339.1	ADE22339.1
BGC0000090	MbcM	mbcM
BGC0000090	MbcJ	mbcJ
BGC0000090	MbcD	mbcD
BGC0000090	MbcB	mbcB
BGC0000090	MbcT	mbcT
BGC0000090	MbcP	mbcP
BGC0000090	MbcAII	mbcAII
BGC0000090	MbcS	mbcS
BGC0000090	MbcH	mbcH
BGC0000090	MbcI	mbcI
BGC0000090	MbcK	mbcK
BGC0000090	MbcQ	mbcQ
BGC0000090	MbcAIII	mbcAIII
BGC0000090	MbcL	mbcL
BGC0000090	MbcN	mbcN
BGC0000090	MbcO	mbcO
BGC0000090	MbcE	mbcE
BGC0000090	MbcRII	mbcRII
BGC0000090	MbcG	mbcG
BGC0000090	MbcAI	mbcAI
BGC0000090	MbcF	mbcF
BGC0000090	MbcC	mbcC
BGC0000090	MbcU	mbcU
BGC0000104	ady00130.1	ADY00130.1
BGC0000104	ady00128.1	ADY00128.1
BGC0000115	NysC	nysC
BGC0000115	NysDIII	nysDIII
BGC0000115	NysDII	nysDII
BGC0000115	NysRI	nysRI
BGC0000115	NysF	nysF
BGC0000115	NysRII	nysRII
BGC0000115	NysJ	nysJ
BGC0000115	NysI	nysI
BGC0000115	NysRIII	nysRIII
BGC0000115	NysM	nysM
BGC0000115	NysA	nysA
BGC0000115	NysDI	nysDI
BGC0000115	NysL	nysL
BGC0000115	NysH	nysH
BGC0000115	NysK	nysK
BGC0000115	NysG	nysG
BGC0000115	NysB	nysB
BGC0000115	NysE	nysE
BGC0000115	NysN	nysN
BGC0000115	aaf71768.1	AAF71768.1
BGC0000115	aaf71768.1	AAF71768.1
BGC0000115	aaf71777.1	AAF71777.1
BGC0000115	aaf71777.1	AAF71777.1
BGC0000151	samR0475	SAMR0475
BGC0000151	samRCDS1	SAMRCDS1
BGC0000154	tsta_117740	TSTA_117740
BGC0000154	tsta_117800	TSTA_117800
BGC0000154	tsta_117750	TSTA_117750
BGC0000154	tsta_117750	TSTA_117750
BGC0000161	ateg_00145	ATEG_00145
BGC0000165	tiae	tiaE
BGC0000165	tiae	tiaE
BGC0000171	smde	smdE
BGC0000171	smde	smdE
BGC0000175	afo59863.1	AFO59863.1
BGC0000175	afo59863.1	AFO59863.1
BGC0000178	aec04348.1	AEC04348.1
BGC0000178	aec04348.1	AEC04348.1
BGC0000178	aec04349.1	AEC04349.1
BGC0000178	aec04349.1	AEC04349.1
BGC0000178	aec04364.1	AEC04364.1
BGC0000178	aec04364.1	AEC04364.1
BGC0000182	mupj	mupJ
BGC0000182	mmpe	mmpE
BGC0000182	mupu	mupU
BGC0000182	mupc	mupC
BGC0000182	muph	mupH
BGC0000182	mupt	mupT
BGC0000182	mupf	mupF
BGC0000182	mupw	mupW
BGC0000182	mupo	mupO
BGC0000182	mupg	mupG
BGC0000182	macpc	macpC
BGC0000182	mupv	mupV
BGC0000182	mupk	mupK
BGC0000182	macpe	macpE
BGC0000184	SorA	sorA
BGC0000184	SorG	sorG
BGC0000184	SorI	sorI
BGC0000184	SorH	sorH
BGC0000184	adn68489.1	ADN68489.1
BGC0000184	adn68489.1	ADN68489.1
BGC0000187	adi58644.1	ADI58644.1
BGC0000187	adi58644.1	ADI58644.1
BGC0000187	adi58645.1	ADI58645.1
BGC0000187	adi58628.1	ADI58628.1
BGC0000187	adi58638.1	ADI58638.1
BGC0000187	adi58646.1	ADI58646.1
BGC0000187	adi58648.1	ADI58648.1
BGC0000187	adi58643.1	ADI58643.1
BGC0000187	adi58643.1	ADI58643.1
BGC0000187	adi58629.1	ADI58629.1
BGC0000187	adi58630.1	ADI58630.1
BGC0000187	adi58647.1	ADI58647.1
BGC0000187	adi58653.1	ADI58653.1
BGC0000187	adi58653.1	ADI58653.1
BGC0000187	adi58632.1	ADI58632.1
BGC0000187	adi58631.1	ADI58631.1
BGC0000187	adi58650.1	ADI58650.1
BGC0000187	adi58634.1	ADI58634.1
BGC0000187	adi58649.1	ADI58649.1
BGC0000187	adi58635.1	ADI58635.1
BGC0000189	xbj1_3900	XBJ1_3900
BGC0000189	xbj1_3898	XBJ1_3898
BGC0000194	sco5087	SCO5087
BGC0000195	aci88874.1	ACI88874.1
BGC0000195	aci88873.1	ACI88873.1
BGC0000195	aci88875.1	ACI88875.1
BGC0000195	aci88870.1	ACI88870.1
BGC0000197	abl09959.1	ABL09959.1
BGC0000198	wp_029025959.1	WP_029025959.1
BGC0000198	wp_029025958.1	WP_029025958.1
BGC0000199	aha81978.1	AHA81978.1
BGC0000199	aha81979.1	AHA81979.1
BGC0000199	aha81977.1	AHA81977.1
BGC0000200	ahx24701.1	AHX24701.1
BGC0000200	ahx24702.1	AHX24702.1
BGC0000200	ahx24703.1	AHX24703.1
BGC0000201	ack77744.1	ACK77744.1
BGC0000201	ack77743.1	ACK77743.1
BGC0000201	aie41917.1	AIE41917.1
BGC0000204	cam58798.1	CAM58798.1
BGC0000206	cah10161.1	CAH10161.1
BGC0000210	cae17526.1	CAE17526.1
BGC0000210	cae17520.1	CAE17520.1
BGC0000212	ssbg_00494	SSBG_00494
BGC0000213	ail50179.1	AIL50179.1
BGC0000213	ail50166.1	AIL50166.1
BGC0000219	cap12602.1	CAP12602.1
BGC0000219	cap12600.1	CAP12600.1
BGC0000220	EncM	encM
BGC0000220	EncM	encM
BGC0000224	aaq08916.1	AAQ08916.1
BGC0000230	grho7	grhO7
BGC0000230	grho3	grhO3
BGC0000230	grho6	grhO6
BGC0000230	grho1	grhO1
BGC0000230	grho5	grhO5
BGC0000230	grhj	grhJ
BGC0000230	aam33653.1	AAM33653.1
BGC0000230	aam33655.1	AAM33655.1
BGC0000239	LanE	lanE
BGC0000239	LanGT2	lanGT2
BGC0000239	LanGT1	lanGT1
BGC0000239	LanGT4	lanGT4
BGC0000239	aad13536.1	AAD13536.1
BGC0000239	aad13538.1	AAD13538.1
BGC0000241	abp54674.1	ABP54674.1
BGC0000247	caa61989.1	CAA61989.1
BGC0000247	caa61991.1	CAA61991.1
BGC0000250	caa12017.1	CAA12017.1
BGC0000253	cag14965.1	CAG14965.1
BGC0000253	cag14967.1	CAG14967.1
BGC0000262	aak57525.1	AAK57525.1
BGC0000267	acp19353.1	ACP19353.1
BGC0000269	SsfA	ssfA
BGC0000269	SsfM2	ssfM2
BGC0000269	SsfC	ssfC
BGC0000269	SsfG	ssfG
BGC0000269	SsfK	ssfK
BGC0000269	SsfX1	ssfX1
BGC0000269	SsfY3	ssfY3
BGC0000269	SsfS6	ssfS6
BGC0000269	SsfM3	ssfM3
BGC0000269	SsfB	ssfB
BGC0000269	SsfI	ssfI
BGC0000269	SsfX3	ssfX3
BGC0000269	SsfE	ssfE
BGC0000269	SsfU	ssfU
BGC0000269	SsfD	ssfD
BGC0000269	SsfO2	ssfO2
BGC0000269	SsfS1	ssfS1
BGC0000269	SsfY2	ssfY2
BGC0000269	SsfO1	ssfO1
BGC0000269	SsfP	ssfP
BGC0000269	SsfX2	ssfX2
BGC0000269	SsfN	ssfN
BGC0000269	SsfT1	ssfT1
BGC0000269	SsfL1	ssfL1
BGC0000269	SsfY1	ssfY1
BGC0000269	SsfS3	ssfS3
BGC0000269	SsfS2	ssfS2
BGC0000269	SsfM1	ssfM1
BGC0000269	SsfH	ssfH
BGC0000269	SsfV	ssfV
BGC0000269	SsfL2	ssfL2
BGC0000269	SsfS4	ssfS4
BGC0000269	SsfQ	ssfQ
BGC0000269	SsfF	ssfF
BGC0000269	SsfT2	ssfT2
BGC0000269	SsfY4	ssfY4
BGC0000269	SsfM4	ssfM4
BGC0000269	SsfS5	ssfS5
BGC0000269	SsfJ	ssfJ
BGC0000269	SsfR	ssfR
BGC0000273	caj42318.1	CAJ42318.1
BGC0000273	caj42320.1	CAJ42320.1
BGC0000274	afy23042.1	AFY23042.1
BGC0000275	aaa67515.1	AAA67515.1
BGC0000276	UrdGT1b	urdGT1b
BGC0000276	UrdGT1c	urdGT1c
BGC0000283	CetL	cetL
BGC0000283	CetM	cetM
BGC0000290	aam80549.1	AAM80549.1
BGC0000290	aam80549.1	AAM80549.1
BGC0000290	aam80549.1	AAM80549.1
BGC0000290	aam80549.1	AAM80549.1
BGC0000290	aam80549.1	AAM80549.1
BGC0000290	aam80547.1	AAM80547.1
BGC0000290	aam80547.1	AAM80547.1
BGC0000290	aam80550.1	AAM80550.1
BGC0000290	aam80550.1	AAM80550.1
BGC0000290	aam80550.1	AAM80550.1
BGC0000290	aam80548.1	AAM80548.1
BGC0000290	aam80548.1	AAM80548.1
BGC0000290	aam80545.1	AAM80545.1
BGC0000290	aam80545.1	AAM80545.1
BGC0000290	aam80551.1	AAM80551.1
BGC0000290	aam80551.1	AAM80551.1
BGC0000290	aam80551.1	AAM80551.1
BGC0000290	aam80536.1	AAM80536.1
BGC0000290	aam80528.1	AAM80528.1
BGC0000290	aam80552.1	AAM80552.1
BGC0000290	aam80552.1	AAM80552.1
BGC0000290	aam80552.1	AAM80552.1
BGC0000290	aam80546.1	AAM80546.1
BGC0000290	aam80546.1	AAM80546.1
BGC0000297	cam59603.1	CAM59603.1
BGC0000297	cam59605.1	CAM59605.1
BGC0000297	caj21199.2	CAJ21199.2
BGC0000297	cam59604.1	CAM59604.1
BGC0000297	cam59601.1	CAM59601.1
BGC0000297	cam59603.1	CAM59603.1
BGC0000297	cam59605.1	CAM59605.1
BGC0000297	caj21199.2	CAJ21199.2
BGC0000297	cam59604.1	CAM59604.1
BGC0000298	acm68686.1	ACM68686.1
BGC0000298	acm68686.1	ACM68686.1
BGC0000298	acm68686.1	ACM68686.1
BGC0000298	acm68687.1	ACM68687.1
BGC0000298	acm68687.1	ACM68687.1
BGC0000298	acm68687.1	ACM68687.1
BGC0000298	acm68688.1	ACM68688.1
BGC0000298	acm68688.1	ACM68688.1
BGC0000298	acm68688.1	ACM68688.1
BGC0000298	acm68685.1	ACM68685.1
BGC0000298	acm68685.1	ACM68685.1
BGC0000298	acm68685.1	ACM68685.1
BGC0000298	acm68685.1	ACM68685.1
BGC0000298	acm68687.1	ACM68687.1
BGC0000298	acm68688.1	ACM68688.1
BGC0000298	acm68686.1	ACM68686.1
BGC0000306	ssig_05823	SSIG_05823
BGC0000319	sscg_00147	SSCG_00147
BGC0000320	CesB	cesB
BGC0000320	CesA	cesA
BGC0000346	ahb38498.1	AHB38498.1
BGC0000374	aeh41787.1	AEH41787.1
BGC0000374	aeh41787.1	AEH41787.1
BGC0000374	aeh41787.1	AEH41787.1
BGC0000374	aeh41787.1	AEH41787.1
BGC0000374	aeh41787.1	AEH41787.1
BGC0000374	aeh41787.1	AEH41787.1
BGC0000374	aeh41802.1	AEH41802.1
BGC0000374	aeh41802.1	AEH41802.1
BGC0000374	aeh41802.1	AEH41802.1
BGC0000374	aeh41802.1	AEH41802.1
BGC0000374	aeh41802.1	AEH41802.1
BGC0000374	aeh41802.1	AEH41802.1
BGC0000374	aeh41802.1	AEH41802.1
BGC0000374	aeh41796.1	AEH41796.1
BGC0000374	aeh41796.1	AEH41796.1
BGC0000374	aeh41796.1	AEH41796.1
BGC0000374	aeh41796.1	AEH41796.1
BGC0000374	aeh41796.1	AEH41796.1
BGC0000374	aeh41796.1	AEH41796.1
BGC0000374	ace80255.1	ACE80255.1
BGC0000374	ace80255.1	ACE80255.1
BGC0000374	ace80255.1	ACE80255.1
BGC0000374	ace80255.1	ACE80255.1
BGC0000374	ace80255.1	ACE80255.1
BGC0000374	ace80255.1	ACE80255.1
BGC0000374	aeh41801.1	AEH41801.1
BGC0000374	aeh41801.1	AEH41801.1
BGC0000374	aeh41801.1	AEH41801.1
BGC0000374	aeh41801.1	AEH41801.1
BGC0000374	aeh41801.1	AEH41801.1
BGC0000374	aeh41801.1	AEH41801.1
BGC0000374	aeh41801.1	AEH41801.1
BGC0000374	aeh41784.1	AEH41784.1
BGC0000374	aeh41784.1	AEH41784.1
BGC0000374	aeh41784.1	AEH41784.1
BGC0000374	aeh41784.1	AEH41784.1
BGC0000374	aeh41784.1	AEH41784.1
BGC0000374	aeh41784.1	AEH41784.1
BGC0000374	aeh41784.1	AEH41784.1
BGC0000374	aeh41792.1	AEH41792.1
BGC0000374	aeh41792.1	AEH41792.1
BGC0000374	aeh41792.1	AEH41792.1
BGC0000374	aeh41792.1	AEH41792.1
BGC0000374	aeh41792.1	AEH41792.1
BGC0000374	aeh41792.1	AEH41792.1
BGC0000374	aeh41789.1	AEH41789.1
BGC0000374	aeh41789.1	AEH41789.1
BGC0000374	aeh41789.1	AEH41789.1
BGC0000374	aeh41789.1	AEH41789.1
BGC0000374	aeh41789.1	AEH41789.1
BGC0000374	aeh41789.1	AEH41789.1
BGC0000374	aeh41791.1	AEH41791.1
BGC0000374	aeh41791.1	AEH41791.1
BGC0000374	aeh41791.1	AEH41791.1
BGC0000374	aeh41791.1	AEH41791.1
BGC0000374	aeh41791.1	AEH41791.1
BGC0000374	aeh41791.1	AEH41791.1
BGC0000374	aeh41783.1	AEH41783.1
BGC0000374	aeh41783.1	AEH41783.1
BGC0000374	aeh41783.1	AEH41783.1
BGC0000374	aeh41783.1	AEH41783.1
BGC0000374	aeh41783.1	AEH41783.1
BGC0000374	aeh41783.1	AEH41783.1
BGC0000374	aeh41783.1	AEH41783.1
BGC0000374	aeh41790.1	AEH41790.1
BGC0000374	aeh41790.1	AEH41790.1
BGC0000374	aeh41790.1	AEH41790.1
BGC0000374	aeh41790.1	AEH41790.1
BGC0000374	aeh41790.1	AEH41790.1
BGC0000374	aeh41790.1	AEH41790.1
BGC0000374	aeh41788.1	AEH41788.1
BGC0000374	aeh41788.1	AEH41788.1
BGC0000374	aeh41788.1	AEH41788.1
BGC0000374	aeh41788.1	AEH41788.1
BGC0000374	aeh41788.1	AEH41788.1
BGC0000374	aeh41788.1	AEH41788.1
BGC0000374	aeh41785.1	AEH41785.1
BGC0000374	aeh41785.1	AEH41785.1
BGC0000374	aeh41785.1	AEH41785.1
BGC0000374	aeh41785.1	AEH41785.1
BGC0000374	aeh41785.1	AEH41785.1
BGC0000374	aeh41785.1	AEH41785.1
BGC0000374	aeh41785.1	AEH41785.1
BGC0000374	aeh41794.1	AEH41794.1
BGC0000393	mxan_3779	MXAN_3779
BGC0000398	afh75330.1	AFH75330.1
BGC0000419	aig79224.1	AIG79224.1
BGC0000419	aig79223.1	AIG79223.1
BGC0000419	aig79225.1	AIG79225.1
BGC0000419	aig79240.1	AIG79240.1
BGC0000424	hsero_2346	Hsero_2346
BGC0000425	afh75322.1	AFH75322.1
BGC0000426	SevB	sevB
BGC0000426	SevA	sevA
BGC0000426	agz03651.1	AGZ03651.1
BGC0000427	ava_3855	Ava_3855
BGC0000429	aea30274.1	AEA30274.1
BGC0000430	nsp_49220	NSP_49220
BGC0000430	nsp_49210	NSP_49210
BGC0000430	nsp_49200	NSP_49200
BGC0000440	cae53353.1	CAE53353.1
BGC0000447	ccj67640.1	CCJ67640.1
BGC0000453	aba59547.1	ABA59547.1
BGC0000468	ccm09452.1	CCM09452.1
BGC0000468	bmbh	bmbH
BGC0000468	bmbk	bmbK
BGC0000468	bmbg	bmbG
BGC0000468	ccm09447.1	CCM09447.1
BGC0000468	ccm09448.1	CCM09448.1
BGC0000477	aca04491.1	ACA04491.1
BGC0000479	aed99431.1	AED99431.1
BGC0000479	aed99432.1	AED99432.1
BGC0000480	aca04484.1	ACA04484.1
BGC0000496	AmfS	amfS
BGC0000503	cinx	cinX
BGC0000503	cina	cinA
BGC0000509	afn69430.1	AFN69430.1
BGC0000509	afn69434.1	AFN69434.1
BGC0000509	afn69433.1	AFN69433.1
BGC0000519	cax48971.1	CAX48971.1
BGC0000519	cax48971.1	CAX48971.1
BGC0000519	cax48971.1	CAX48971.1
BGC0000535	adj56352.1	ADJ56352.1
BGC0000535	adj56357.1	ADJ56357.1
BGC0000553	ssgg_rs09925	SSGG_RS09925
BGC0000554	ssgg_rs13150	SSGG_RS13150
BGC0000563	vena	venA
BGC0000566	spy_0742	SPy_0742
BGC0000566	spy_0738	SPy_0738
BGC0000582	adr72962.1	ADR72962.1
BGC0000613	acs83788.1	ACS83788.1
BGC0000615	Tpa5	tpa5
BGC0000615	TpaX	tpaX
BGC0000615	Tpa8	tpa8
BGC0000615	Tpa6	tpa6
BGC0000615	TpaH	tpaH
BGC0000615	Tpa1	tpa1
BGC0000615	TpaJ	tpaJ
BGC0000615	TpaE	tpaE
BGC0000615	Tpa2	tpa2
BGC0000615	TpaK	tpaK
BGC0000615	TpaA	tpaA
BGC0000615	TpaF	tpaF
BGC0000615	Tpa11	tpa11
BGC0000615	TpaD	tpaD
BGC0000615	TpaC	tpaC
BGC0000615	TpaL	tpaL
BGC0000615	Tpa10	tpa10
BGC0000615	Tpa3	tpa3
BGC0000615	TpaI	tpaI
BGC0000615	Tpa4	tpa4
BGC0000615	Tpa9	tpa9
BGC0000654	abb69735.1	ABB69735.1
BGC0000654	abb69763.1	ABB69763.1
BGC0000654	abb69750.1	ABB69750.1
BGC0000654	abb69736.1	ABB69736.1
BGC0000654	abb69738.1	ABB69738.1
BGC0000654	abb69760.1	ABB69760.1
BGC0000654	abb69762.1	ABB69762.1
BGC0000654	abb69753.1	ABB69753.1
BGC0000654	abb69737.1	ABB69737.1
BGC0000654	abb69751.1	ABB69751.1
BGC0000654	abb69752.1	ABB69752.1
BGC0000654	PlaO1	plaO1
BGC0000654	PlaA6	plaA6
BGC0000654	PlaR3	plaR3
BGC0000654	PlaO4	plaO4
BGC0000654	PlaR2	plaR2
BGC0000654	PlaR1	plaR1
BGC0000654	abb69743.1	ABB69743.1
BGC0000654	abb69744.1	ABB69744.1
BGC0000654	abb69754.1	ABB69754.1
BGC0000654	abb69756.1	ABB69756.1
BGC0000654	abb69755.1	ABB69755.1
BGC0000654	abb69742.1	ABB69742.1
BGC0000657	aek21533.1	AEK21533.1
BGC0000661	npun_r2756	Npun_R2756
BGC0000665	cch63739.1	CCH63739.1
BGC0000665	cch63731.1	CCH63731.1
BGC0000666	afk78070.1	AFK78070.1
BGC0000666	afk78072.1	AFK78072.1
BGC0000666	afk78071.1	AFK78071.1
BGC0000666	afk78082.1	AFK78082.1
BGC0000666	afk78080.1	AFK78080.1
BGC0000669	mrn1	MRN1
BGC0000677	bai44337.1	BAI44337.1
BGC0000677	bai44338.1	BAI44338.1
BGC0000816	malg	malG
BGC0000816	mala	malA
BGC0000816	male	malE
BGC0000816	malf	malF
BGC0000816	malb	malB
BGC0000830	VioB	vioB
BGC0000830	VioC	vioC
BGC0000830	VioA	vioA
BGC0000830	VioD	vioD
BGC0000832	aan65225.1	AAN65225.1
BGC0000832	aan65239.1	AAN65239.1
BGC0000832	aan65224.1	AAN65224.1
BGC0000832	aan65223.1	AAN65223.1
BGC0000832	aan65233.1	AAN65233.1
BGC0000832	aan65226.1	AAN65226.1
BGC0000832	aan65234.1	AAN65234.1
BGC0000832	aan65240.1	AAN65240.1
BGC0000832	aan65230.1	AAN65230.1
BGC0000832	aan65227.1	AAN65227.1
BGC0000832	aan65232.1	AAN65232.1
BGC0000832	aan65235.1	AAN65235.1
BGC0000832	aan65236.1	AAN65236.1
BGC0000832	aan65231.1	AAN65231.1
BGC0000833	aag29783.1	AAG29783.1
BGC0000833	aag29791.2	AAG29791.2
BGC0000833	aag29789.1	AAG29789.1
BGC0000833	aag29780.1	AAG29780.1
BGC0000833	aag29779.1	AAG29779.1
BGC0000833	aeo99210.1	AEO99210.1
BGC0000833	aag29790.1	AAG29790.1
BGC0000833	aag29797.1	AAG29797.1
BGC0000833	aag29788.2	AAG29788.2
BGC0000833	aag29787.2	AAG29787.2
BGC0000833	aag29795.1	AAG29795.1
BGC0000833	aag29798.1	AAG29798.1
BGC0000833	aag29781.1	AAG29781.1
BGC0000833	aeo99211.1	AEO99211.1
BGC0000833	aag29786.1	AAG29786.1
BGC0000833	aag29792.1	AAG29792.1
BGC0000833	aag29782.1	AAG29782.1
BGC0000834	aaf67510.2	AAF67510.2
BGC0000834	aaf67503.1	AAF67503.1
BGC0000834	aaf67501.2	AAF67501.2
BGC0000834	aaf67504.1	AAF67504.1
BGC0000834	aaf67511.1	AAF67511.1
BGC0000834	aaf67507.2	AAF67507.2
BGC0000834	aaf67502.1	AAF67502.1
BGC0000845	sscg_00151	SSCG_00151
BGC0000880	TunF	tunF
BGC0000880	TunA	tunA
BGC0000880	TunB	tunB
BGC0000890	aha34038.1	AHA34038.1
BGC0000890	aha34035.1	AHA34035.1
BGC0000890	aha34036.1	AHA34036.1
BGC0000890	aha34034.1	AHA34034.1
BGC0000890	aha34039.1	AHA34039.1
BGC0000890	aha34033.1	AHA34033.1
BGC0000890	aha34037.1	AHA34037.1
BGC0000890	Bmp8	bmp8
BGC0000891	pl2ta16_01237	PL2TA16_01237
BGC0000891	pl2ta16_01240	PL2TA16_01240
BGC0000891	pl2ta16_01238	PL2TA16_01238
BGC0000891	pl2ta16_01235	PL2TA16_01235
BGC0000891	pl2ta16_01239	PL2TA16_01239
BGC0000891	pl2ta16_01236	PL2TA16_01236
BGC0000915	aad32723.1	AAD32723.1
BGC0000915	aad28452.1	AAD28452.1
BGC0000915	aad28452.1	AAD28452.1
BGC0000915	mits	mitS
BGC0000915	mitt	mitT
BGC0000915	aad28453.1	AAD28453.1
BGC0000915	mitp	mitP
BGC0000915	aad28456.1	AAD28456.1
BGC0000915	mita	mitA
BGC0000915	mitj	mitJ
BGC0000921	adq74608.1	ADQ74608.1
BGC0000921	adq74614.1	ADQ74614.1
BGC0000921	adq74607.1	ADQ74607.1
BGC0000921	adq74618.1	ADQ74618.1
BGC0000921	adq74621.1	ADQ74621.1
BGC0000921	adq74615.1	ADQ74615.1
BGC0000921	adq74616.1	ADQ74616.1
BGC0000935	afb35620.1	AFB35620.1
BGC0000935	afb35633.1	AFB35633.1
BGC0000935	afb35626.1	AFB35626.1
BGC0000935	afb35631.1	AFB35631.1
BGC0000935	afb35628.1	AFB35628.1
BGC0000935	afb35629.1	AFB35629.1
BGC0000935	afb35618.1	AFB35618.1
BGC0000935	afb35627.1	AFB35627.1
BGC0000935	afb35622.1	AFB35622.1
BGC0000935	afb35632.1	AFB35632.1
BGC0000938	acg70831.1	ACG70831.1
BGC0000938	acg70827.1	ACG70827.1
BGC0000938	FomB	fomB
BGC0000938	FomF	fomF
BGC0000938	FomE	fomE
BGC0000938	FomD	fomD
BGC0000950	ady76667.1	ADY76667.1
BGC0000955	cca29200.1	CCA29200.1
BGC0000955	cca29203.1	CCA29203.1
BGC0000959	ania_08412	ANIA_08412
BGC0000967	bap05581.1	BAP05581.1
BGC0000967	bap05581.1	BAP05581.1
BGC0000967	bap05581.1	BAP05581.1
BGC0000967	bap05585.1	BAP05585.1
BGC0000967	bap05585.1	BAP05585.1
BGC0000967	bap05582.1	BAP05582.1
BGC0000967	bap05582.1	BAP05582.1
BGC0000967	CalS	calS
BGC0000967	CalA	calA
BGC0000967	CalD	calD
BGC0000967	CalH	calH
BGC0000967	CalK	calK
BGC0000967	CalU	calU
BGC0000967	CalJ	calJ
BGC0000967	CalV	calV
BGC0000967	CalL	calL
BGC0000967	CalX	calX
BGC0000967	CalT	calT
BGC0000967	CalP	calP
BGC0000967	CalB	calB
BGC0000967	CalR	calR
BGC0000967	CalN	calN
BGC0000967	CalW	calW
BGC0000967	CalI	calI
BGC0000967	CalE	calE
BGC0000967	CalC	calC
BGC0000967	CalO	calO
BGC0000967	CalM	calM
BGC0000967	CalF	calF
BGC0000967	CalG	calG
BGC0000967	CalY	calY
BGC0000967	CalQ	calQ
BGC0000967	bap05573.1	BAP05573.1
BGC0000967	bap05573.1	BAP05573.1
BGC0000967	bap05597.1	BAP05597.1
BGC0000968	cao91861.1	CAO91861.1
BGC0000969	caj46692.1	CAJ46692.1
BGC0000969	caj46694.1	CAJ46694.1
BGC0000975	CrpA	crpA
BGC0000975	CrpD	crpD
BGC0000975	CrpF	crpF
BGC0000975	CrpE	crpE
BGC0000975	CrpC	crpC
BGC0000975	CrpG	crpG
BGC0000975	CrpH	crpH
BGC0000975	CrpB	crpB
BGC0000976	aee88288.1	AEE88288.1
BGC0000976	aee88286.1	AEE88286.1
BGC0000976	aee88277.1	AEE88277.1
BGC0000976	aee88285.1	AEE88285.1
BGC0000976	aee88284.1	AEE88284.1
BGC0000976	aee88287.1	AEE88287.1
BGC0000976	aee88289.1	AEE88289.1
BGC0000976	aee88277.1	AEE88277.1
BGC0000976	aee88277.1	AEE88277.1
BGC0000978	abx60159.1	ABX60159.1
BGC0000978	abx60158.1	ABX60158.1
BGC0000978	abx60154.1	ABX60154.1
BGC0000978	abx60155.1	ABX60155.1
BGC0000985	tmo_c0611	TMO_c0611
BGC0000996	sslg_04251	SSLG_04251
BGC0001000	aay42398.1	AAY42398.1
BGC0001003	abb05099.1	ABB05099.1
BGC0001003	abb05101.1	ABB05101.1
BGC0001008	aby66020.1	ABY66020.1
BGC0001008	aby66018.1	ABY66018.1
BGC0001008	aby66017.1	ABY66017.1
BGC0001008	aby66019.1	ABY66019.1
BGC0001008	mdpe10	mdpE10
BGC0001008	mdpe10	mdpE10
BGC0001008	mdpe	mdpE
BGC0001008	mdpb	mdpB
BGC0001014	rsc1806	RSc1806
BGC0001017	McyI	mcyI
BGC0001017	Uma5	uma5
BGC0001017	Uma4	uma4
BGC0001017	McyF	mcyF
BGC0001017	Uma1	uma1
BGC0001017	McyD	mcyD
BGC0001017	McyJ	mcyJ
BGC0001017	Uma3	uma3
BGC0001017	McyE	mcyE
BGC0001017	McyA	mcyA
BGC0001017	McyC	mcyC
BGC0001017	Uma2	uma2
BGC0001017	Uma6	uma6
BGC0001017	McyH	mcyH
BGC0001017	McyG	mcyG
BGC0001017	McyB	mcyB
BGC0001017	mcyc	mcyC
BGC0001019	MscH	mscH
BGC0001019	MscJ	mscJ
BGC0001019	MscF	mscF
BGC0001019	MscK	mscK
BGC0001019	MscB	mscB
BGC0001019	MscC	mscC
BGC0001019	MscE	mscE
BGC0001019	MscA	mscA
BGC0001019	MscD	mscD
BGC0001019	MscG	mscG
BGC0001019	MscI	mscI
BGC0001023	cag29032.1	CAG29032.1
BGC0001024	MtaC	mtaC
BGC0001024	MtaG	mtaG
BGC0001025	abf91606.1	ABF91606.1
BGC0001025	abf91606.1	ABF91606.1
BGC0001028	NosE	nosE
BGC0001028	NosD	nosD
BGC0001028	NosG	nosG
BGC0001028	NosF	nosF
BGC0001028	NosA	nosA
BGC0001028	NosB	nosB
BGC0001028	NosC	nosC
BGC0001028	aaf17281.1	AAF17281.1
BGC0001038	prlw	prlW
BGC0001038	prls	prlS
BGC0001038	prlb	prlB
BGC0001038	prlv	prlV
BGC0001038	prla	prlA
BGC0001038	prlu	prlU
BGC0001038	prlg	prlG
BGC0001038	prlj	prlJ
BGC0001038	prlk	prlK
BGC0001038	prlx	prlX
BGC0001038	PrlD	prlD
BGC0001038	PrlS	prlS
BGC0001038	PrlO	prlO
BGC0001038	PrlB	prlB
BGC0001038	PrlC	prlC
BGC0001038	PrlA	prlA
BGC0001038	PrlJ	prlJ
BGC0001038	PrlX	prlX
BGC0001038	PrlU	prlU
BGC0001038	PrlM	prlM
BGC0001038	PrlL	prlL
BGC0001038	PrlW	prlW
BGC0001038	PrlG	prlG
BGC0001038	PrlY1	prlY1
BGC0001038	PrlQ	prlQ
BGC0001038	PrlZ	prlZ
BGC0001038	PrlY2	prlY2
BGC0001038	PrlR	prlR
BGC0001038	PrlH	prlH
BGC0001038	PrlN	prlN
BGC0001038	PrlI	prlI
BGC0001038	PrlF	prlF
BGC0001038	PrlP	prlP
BGC0001038	PrlV	prlV
BGC0001038	PrlT	prlT
BGC0001038	PrlK	prlK
BGC0001038	PrlE	prlE
BGC0001046	cba11581.1	CBA11581.1
BGC0001046	cba11581.1	CBA11581.1
BGC0001050	agc65517.1	AGC65517.1
BGC0001051	adh04641.1	ADH04641.1
BGC0001051	adh04641.1	ADH04641.1
BGC0001054	xnc1_1703	XNC1_1703
BGC0001054	xnc1_1703	XNC1_1703
BGC0001056	ccm44334.1	CCM44334.1
BGC0001056	ccm44334.1	CCM44334.1
BGC0001056	ccm44334.1	CCM44334.1
BGC0001056	ccm44334.1	CCM44334.1
BGC0001056	ccm44334.1	CCM44334.1
BGC0001056	ccm44330.1	CCM44330.1
BGC0001056	ccm44330.1	CCM44330.1
BGC0001056	ccm44330.1	CCM44330.1
BGC0001056	ccm44330.1	CCM44330.1
BGC0001056	ccm44330.1	CCM44330.1
BGC0001056	ccm44332.1	CCM44332.1
BGC0001056	ccm44332.1	CCM44332.1
BGC0001056	ccm44332.1	CCM44332.1
BGC0001056	ccm44332.1	CCM44332.1
BGC0001056	ccm44332.1	CCM44332.1
BGC0001056	ccm44331.1	CCM44331.1
BGC0001056	ccm44331.1	CCM44331.1
BGC0001056	ccm44331.1	CCM44331.1
BGC0001056	ccm44331.1	CCM44331.1
BGC0001056	ccm44331.1	CCM44331.1
BGC0001056	ccm44333.1	CCM44333.1
BGC0001056	ccm44333.1	CCM44333.1
BGC0001056	ccm44333.1	CCM44333.1
BGC0001056	ccm44333.1	CCM44333.1
BGC0001056	ccm44333.1	CCM44333.1
BGC0001056	ccm44334.1	CCM44334.1
BGC0001056	ccm44330.1	CCM44330.1
BGC0001056	ccm44332.1	CCM44332.1
BGC0001056	ccm44331.1	CCM44331.1
BGC0001056	ccm44333.1	CCM44333.1
BGC0001061	acn64833.1	ACN64833.1
BGC0001061	acn64831.1	ACN64831.1
BGC0001061	acn64832.1	ACN64832.1
BGC0001061	acn64830.1	ACN64830.1
BGC0001061	acn64836.1	ACN64836.1
BGC0001061	acn64834.1	ACN64834.1
BGC0001066	caq52624.1	CAQ52624.1
BGC0001066	caq52624.1	CAQ52624.1
BGC0001067	eal85128.1	EAL85128.1
BGC0001067	eal85128.1	EAL85128.1
BGC0001067	eal85129.1	EAL85129.1
BGC0001067	eal85115.1	EAL85115.1
BGC0001069	aay89053.1	AAY89053.1
BGC0001069	aay89053.1	AAY89053.1
BGC0001069	aay89049.1	AAY89049.1
BGC0001069	aay89049.1	AAY89049.1
BGC0001070	can89643.1	CAN89643.1
BGC0001070	can89643.1	CAN89643.1
BGC0001070	can89639.1	CAN89639.1
BGC0001070	can89639.1	CAN89639.1
BGC0001070	can89641.1	CAN89641.1
BGC0001071	ada69247.1	ADA69247.1
BGC0001071	ada69247.1	ADA69247.1
BGC0001072	aak06804.1	AAK06804.1
BGC0001072	aak06802.1	AAK06802.1
BGC0001072	aak06805.1	AAK06805.1
BGC0001072	aeu17894.1	AEU17894.1
BGC0001072	aak06809.1	AAK06809.1
BGC0001072	aak06803.1	AAK06803.1
BGC0001072	aak06807.1	AAK06807.1
BGC0001072	SimB3	simB3
BGC0001072	SimC7	simC7
BGC0001072	aak06784.1	AAK06784.1
BGC0001072	aak06785.1	AAK06785.1
BGC0001072	aak06786.1	AAK06786.1
BGC0001079	naph2	napH2
BGC0001079	naph4	napH4
BGC0001079	naph1	napH1
BGC0001079	napb1	napB1
BGC0001079	napt8	napT8
BGC0001079	napt9	napT9
BGC0001080	cax48669.1	CAX48669.1
BGC0001080	cax48667.1	CAX48667.1
BGC0001080	cax48672.1	CAX48672.1
BGC0001080	cax48670.1	CAX48670.1
BGC0001080	cax48666.1	CAX48666.1
BGC0001080	cax48671.1	CAX48671.1
BGC0001080	cax48668.1	CAX48668.1
BGC0001084	adm34136.1	ADM34136.1
BGC0001084	adm34138.1	ADM34138.1
BGC0001099	add82947.1	ADD82947.1
BGC0001102	bth_ii2088	BTH_II2088
BGC0001108	aas47559.1	AAS47559.1
BGC0001108	aas47559.1	AAS47559.1
BGC0001108	aas47563.1	AAS47563.1
BGC0001108	aas47563.1	AAS47563.1
BGC0001110	ada82589.1	ADA82589.1
BGC0001110	ada82589.1	ADA82589.1
BGC0001111	cca89329.1	CCA89329.1
BGC0001111	cca89329.1	CCA89329.1
BGC0001112	rhig	rhiG
BGC0001112	rhig	rhiG
BGC0001114	TstDEF	tstDEF
BGC0001114	TstR	tstR
BGC0001114	TstC	tstC
BGC0001114	TstJ	tstJ
BGC0001114	TstO	tstO
BGC0001114	TstN	tstN
BGC0001114	TstA	tstA
BGC0001114	TstM	tstM
BGC0001114	TstQ	tstQ
BGC0001114	TstI	tstI
BGC0001114	TstB	tstB
BGC0001114	TstGH	tstGH
BGC0001114	TstL	tstL
BGC0001114	TstP	tstP
BGC0001114	TstK	tstK
BGC0001126	ahb62774.1	AHB62774.1
BGC0001126	ahb62766.1	AHB62766.1
BGC0001132	xnc1_2022	XNC1_2022
BGC0001136	dmbc	DMBC
BGC0001136	dmbs	DMBS
BGC0001136	dmba	DMBA
BGC0001136	dmbB	DMBB
BGC0001136	dmbS	DMBS
BGC0001136	dmbC	DMBC
BGC0001136	dmbA	DMBA
BGC0001140	aco31283.1	ACO31283.1
BGC0001140	aco31283.1	ACO31283.1
BGC0001140	aco31288.1	ACO31288.1
BGC0001140	aco31287.1	ACO31287.1
BGC0001140	aco31279.1	ACO31279.1
BGC0001140	aco31289.1	ACO31289.1
BGC0001140	aco31274.1	ACO31274.1
BGC0001140	aco31276.1	ACO31276.1
BGC0001140	aco31276.1	ACO31276.1
BGC0001140	aco31279.1	ACO31279.1
BGC0001140	aco31276.1	ACO31276.1
BGC0001140	aco31274.1	ACO31274.1
BGC0001147	ais24861.1	AIS24861.1
BGC0001147	ais24861.1	AIS24861.1
BGC0001147	ais24861.1	AIS24861.1
BGC0001147	ais24857.1	AIS24857.1
BGC0001147	ais24857.1	AIS24857.1
BGC0001147	ais24857.1	AIS24857.1
BGC0001147	ais24858.1	AIS24858.1
BGC0001147	ais24858.1	AIS24858.1
BGC0001147	ais24858.1	AIS24858.1
BGC0001147	ais24863.1	AIS24863.1
BGC0001147	ais24863.1	AIS24863.1
BGC0001147	ais24863.1	AIS24863.1
BGC0001147	ais24855.1	AIS24855.1
BGC0001147	ais24855.1	AIS24855.1
BGC0001147	ais24855.1	AIS24855.1
BGC0001147	ais24853.1	AIS24853.1
BGC0001147	ais24853.1	AIS24853.1
BGC0001147	ais24853.1	AIS24853.1
BGC0001147	ais24854.1	AIS24854.1
BGC0001147	ais24854.1	AIS24854.1
BGC0001147	ais24854.1	AIS24854.1
BGC0001147	ais24856.1	AIS24856.1
BGC0001147	ais24856.1	AIS24856.1
BGC0001147	ais24856.1	AIS24856.1
BGC0001147	Dst16	dst16
BGC0001147	Dst4	dst4
BGC0001147	Dst22	dst22
BGC0001147	Dst1	dst1
BGC0001147	Dst2	dst2
BGC0001147	Dst9	dst9
BGC0001147	Dst5	dst5
BGC0001147	Dst6	dst6
BGC0001147	Dst21	dst21
BGC0001147	Dst18	dst18
BGC0001147	Dst12	dst12
BGC0001147	Dst13	dst13
BGC0001147	Dst20	dst20
BGC0001147	Dst19	dst19
BGC0001147	Dst15	dst15
BGC0001147	Dst17	dst17
BGC0001147	Dst7	dst7
BGC0001147	Dst8	dst8
BGC0001147	Dst11	dst11
BGC0001147	Dst10	dst10
BGC0001149	cdf96614.1	CDF96614.1
BGC0001150	salb_00476	SALB_00476
BGC0001150	salb_00477	SALB_00477
BGC0001150	salb_00469	SALB_00469
BGC0001150	salb_00482	SALB_00482
BGC0001150	salb_00468	SALB_00468
BGC0001150	salb_00475	SALB_00475
BGC0001150	salb_00474	SALB_00474
BGC0001150	salb_00471	SALB_00471
BGC0001150	salb_00467	SALB_00467
BGC0001150	salb_00469	SALB_00469
BGC0001150	salb_00472	SALB_00472
BGC0001153	PmxE	pmxE
BGC0001153	PmxD	pmxD
BGC0001153	PmxA	pmxA
BGC0001153	PmxB	pmxB
BGC0001153	PmxC	pmxC
BGC0001153	aez51517.1	AEZ51517.1
BGC0001154	acu71638.1	ACU71638.1
BGC0001154	acu71635.1	ACU71635.1
BGC0001154	acu71637.1	ACU71637.1
BGC0001154	acu71636.1	ACU71636.1
BGC0001154	acu71633.1	ACU71633.1
BGC0001155	agy49587.1	AGY49587.1
BGC0001159	afp87526.1	AFP87526.1
BGC0001159	afp87526.1	AFP87526.1
BGC0001159	afp87523.1	AFP87523.1
BGC0001159	afp87523.1	AFP87523.1
BGC0001165	aat70098.1	AAT70098.1
BGC0001165	aat70097.1	AAT70097.1
BGC0001165	aat70108.1	AAT70108.1
BGC0001165	aat70101.1	AAT70101.1
BGC0001165	aat70099.1	AAT70099.1
BGC0001165	aat70096.1	AAT70096.1
BGC0001165	aat70100.1	AAT70100.1
BGC0001165	aat70108.1	AAT70108.1
BGC0001165	aat70108.1	AAT70108.1
BGC0001167	afk79993.1	AFK79993.1
BGC0001167	afk79998.1	AFK79998.1
BGC0001172	aha12081.1	AHA12081.1
BGC0001172	Clz9	clz9
BGC0001177	MsnO3	msnO3
BGC0001177	MsnO8	msnO8
BGC0001177	ahl46697.1	AHL46697.1
BGC0001177	ahl46686.1	AHL46686.1
BGC0001178	ags77343.1	AGS77343.1
BGC0001178	ags77343.1	AGS77343.1
BGC0001178	ags77333.1	AGS77333.1
BGC0001178	ags77333.1	AGS77333.1
BGC0001178	ags77333.1	AGS77333.1
BGC0001178	ags77341.1	AGS77341.1
BGC0001178	ags77341.1	AGS77341.1
BGC0001178	ags77342.1	AGS77342.1
BGC0001178	ags77342.1	AGS77342.1
BGC0001178	ags77310.1	AGS77310.1
BGC0001178	ags77338.1	AGS77338.1
BGC0001178	ags77338.1	AGS77338.1
BGC0001178	ags77338.1	AGS77338.1
BGC0001178	ags77336.1	AGS77336.1
BGC0001178	ags77336.1	AGS77336.1
BGC0001178	ags77336.1	AGS77336.1
BGC0001178	ags77336.1	AGS77336.1
BGC0001178	ags77336.1	AGS77336.1
BGC0001178	ags77340.1	AGS77340.1
BGC0001178	ags77340.1	AGS77340.1
BGC0001178	ags77339.1	AGS77339.1
BGC0001178	ags77339.1	AGS77339.1
BGC0001178	ags77339.1	AGS77339.1
BGC0001178	ags77328.1	AGS77328.1
BGC0001179	ahl46710.1	AHL46710.1
BGC0001179	ahl46708.1	AHL46708.1
BGC0001187	akl78824.1	AKL78824.1
BGC0001187	akl78825.1	AKL78825.1
BGC0001212	NcyJ	ncyJ
BGC0001212	NcyG	ncyG
BGC0001212	NcyK	ncyK
BGC0001212	NcyL	ncyL
BGC0001212	ncyf	ncyF
BGC0001228	b110_rs0125715	B110_RS0125715
BGC0001228	b110_rs27195	B110_RS27195
BGC0001229	sbi_06987	SBI_06987
BGC0001229	sbi_06990	SBI_06990
BGC0001229	sbi_06989	SBI_06989
BGC0001231	MscH	mscH
BGC0001231	MscJ	mscJ
BGC0001231	MscN	mscN
BGC0001231	MscF	mscF
BGC0001231	MscK	mscK
BGC0001231	MscL	mscL
BGC0001231	MscB	mscB
BGC0001231	MscC	mscC
BGC0001231	MscE	mscE
BGC0001231	MscG	mscG
BGC0001231	MscA	mscA
BGC0001231	MscM	mscM
BGC0001231	MscI	mscI
BGC0001311	rumflafd1_rs0111200	RUMFLAFD1_RS0111200
BGC0001327	wp_030498975.1	WP_030498975.1
BGC0001327	wp_030498975.1	WP_030498975.1
BGC0001327	ih31_rs0100610	IH31_RS0100610
BGC0001328	mcbg_00130	MCBG_00130
BGC0001328	mcbg_00130	MCBG_00130
BGC0001328	mcbg_00137	MCBG_00137
BGC0001328	mcbg_00137	MCBG_00137
BGC0001328	mcbg_00142	MCBG_00142
BGC0001330	abd52_rs02420	ABD52_RS02420
BGC0001331	wp_019032754.1	WP_019032754.1
BGC0001331	wp_019032754.1	WP_019032754.1
BGC0001331	wp_019032754.1	WP_019032754.1
BGC0001331	wp_019032754.1	WP_019032754.1
BGC0001331	wp_019032754.1	WP_019032754.1
BGC0001331	wp_019032754.1	WP_019032754.1
BGC0001331	wp_019032754.1	WP_019032754.1
BGC0001331	wp_019032757.1	WP_019032757.1
BGC0001331	wp_019032757.1	WP_019032757.1
BGC0001331	wp_019032757.1	WP_019032757.1
BGC0001331	wp_019032757.1	WP_019032757.1
BGC0001331	wp_019032757.1	WP_019032757.1
BGC0001331	wp_019032757.1	WP_019032757.1
BGC0001331	wp_019032757.1	WP_019032757.1
BGC0001331	wp_019032752.1	WP_019032752.1
BGC0001333	aef32092.1	AEF32092.1
BGC0001334	aeo12716.1	AEO12716.1
BGC0001335	agi62212.1	AGI62212.1
BGC0001336	ahe14639.1	AHE14639.1
BGC0001337	akq20701.1	AKQ20701.1
BGC0001338	cits	citS
BGC0001340	anf07288.1	ANF07288.1
BGC0001348	if55_rs32420	IF55_RS32420
BGC0001348	if55_rs32420	IF55_RS32420
BGC0001417	mcha	mchA
BGC0001417	mchc	mchC
BGC0001418	mcha	mchA
BGC0001418	mchc	mchC
BGC0001419	mcha	mchA
BGC0001419	mchc	mchC
BGC0001420	mcha	mchA
BGC0001420	mchc	mchC
BGC0001421	mcha	mchA
BGC0001421	mchc	mchC
BGC0001422	mcha	mchA
BGC0001422	mchc	mchC
BGC0001423	mcha	mchA
BGC0001423	mchc	mchC
BGC0001424	mcha	mchA
BGC0001424	mchc	mchC
BGC0001425	mcha	mchA
BGC0001425	mchc	mchC
BGC0001426	mcha	mchA
BGC0001426	mchc	mchC
BGC0001427	mcha	mchA
BGC0001427	mchc	mchC
BGC0001428	mcha	mchA
BGC0001428	mchc	mchC
BGC0001429	mcha	mchA
BGC0001429	mchc	mchC
BGC0001430	mcha	mchA
BGC0001430	mchc	mchC
BGC0001431	mcha	mchA
BGC0001431	mchc	mchC
BGC0001432	mcha	mchA
BGC0001432	mchc	mchC
BGC0001433	sco70311.1	SCO70311.1
BGC0001433	sco70311.1	SCO70311.1
BGC0001435	ajd77023.1	AJD77023.1
BGC0001435	ajd77023.1	AJD77023.1
BGC0001436	ask38715.1	ASK38715.1
BGC0001436	ask38711.1	ASK38711.1
BGC0001436	ask38717.1	ASK38717.1
BGC0001437	aqz26585.1	AQZ26585.1
BGC0001437	aqz26586.1	AQZ26586.1
BGC0001437	aqz26587.1	AQZ26587.1
BGC0001437	aqz26587.1	AQZ26587.1
BGC0001448	MlcI	mlcI
BGC0001448	MlcS	mlcS
BGC0001448	MlcL	mlcL
BGC0001448	MlcC	mlcC
BGC0001448	MlcU	mlcU
BGC0001448	MlcY	mlcY
BGC0001448	MlcT	mlcT
BGC0001448	MlcO	mlcO
BGC0001448	MlcK	mlcK
BGC0001448	MlcG	mlcG
BGC0001448	MlcE	mlcE
BGC0001448	MlcX	mlcX
BGC0001448	MlcR	mlcR
BGC0001448	MlcQ	mlcQ
BGC0001448	MlcV	mlcV
BGC0001448	MlcA	mlcA
BGC0001448	MlcM	mlcM
BGC0001448	MlcD	mlcD
BGC0001448	MlcB	mlcB
BGC0001448	MlcN	mlcN
BGC0001448	MlcF	mlcF
BGC0001448	MlcP	mlcP
BGC0001448	MlcH	mlcH
BGC0001448	MlcJ	mlcJ
BGC0001448	MlcW	mlcW
BGC0001449	mycth_2303701	MYCTH_2303701
BGC0001449	mycth_115957	MYCTH_115957
BGC0001449	mycth_68164	MYCTH_68164
BGC0001468	cyq11_26550	CYQ11_26550
BGC0001469	rat94090.1	RAT94090.1
BGC0001470	rat98531.1	RAT98531.1
BGC0001470	rat98531.1	RAT98531.1
BGC0001471	wp_091614389.1	WP_091614389.1
BGC0001473	pyc67538.1	PYC67538.1
BGC0001473	pyc67537.1	PYC67537.1
BGC0001474	pyc80226.1	PYC80226.1
BGC0001474	pyc80225.1	PYC80225.1
BGC0001474	pyc80213.1	PYC80213.1
BGC0001476	PumF	pumF
BGC0001476	PumA	pumA
BGC0001476	PumO	pumO
