bgc_id	nt_length	cds_count
BGC0000001	59320	55
BGC0000002	141541	102
BGC0000003	37168	12
BGC0000004	89641	46
BGC0000005	17437	2
BGC0000006	88318	45
BGC0000007	82511	25
BGC0000008	75829	23
BGC0000009	75352	25
BGC0000010	78264	22
BGC0000011	59535	26
BGC0000012	21971	10
BGC0000013	7848	4
BGC0000014	100708	60
BGC0000015	113193	34
BGC0000016	5811	3
BGC0000017	28910	23
BGC0000018	42960	10
BGC0000019	18038	13
BGC0000020	82746	82
BGC0000021	115746	78
BGC0000022	41239	22
BGC0000023	58500	24
BGC0000024	29132	18
BGC0000025	9530	18
BGC0000026	38409	80
BGC0000027	80000	48
BGC0000028	74009	18
BGC0000029	85059	48
BGC0000030	18434	14
BGC0000031	74787	63
BGC0000032	68313	51
BGC0000033	90348	148
BGC0000034	138203	42
BGC0000035	85915	82
BGC0000036	111968	43
BGC0000037	7820	2
BGC0000038	57886	48
BGC0000039	38231	18
BGC0000040	99892	28
BGC0000041	14402	4
BGC0000042	105855	73
BGC0000043	13300	5
BGC0000044	21256	18
BGC0000045	31000	12
BGC0000046	25000	12
BGC0000047	75439	62
BGC0000048	52829	40
BGC0000049	35351	10
BGC0000050	50114	8
BGC0000051	37060	18
BGC0000052	161719	28
BGC0000053	63201	48
BGC0000054	61845	55
BGC0000055	54611	66
BGC0000056	6689	6
BGC0000057	26551	20
BGC0000058	74321	16
BGC0000059	80369	39
BGC0000060	73577	34
BGC0000061	138203	42
BGC0000062	75654	48
BGC0000063	53327	34
BGC0000064	11857	2
BGC0000065	41591	35
BGC0000066	69644	40
BGC0000067	75920	4
BGC0000068	28356	26
BGC0000069	63402	42
BGC0000070	55000	21
BGC0000072	34905	14
BGC0000073	107687	18
BGC0000074	86941	46
BGC0000075	76600	57
BGC0000076	36275	18
BGC0000077	42765	19
BGC0000078	137957	115
BGC0000079	79604	39
BGC0000080	67323	38
BGC0000081	135420	115
BGC0000082	107627	81
BGC0000083	50543	9
BGC0000084	102840	52
BGC0000085	68093	60
BGC0000086	81959	43
BGC0000087	110927	76
BGC0000088	12000	4
BGC0000089	43328	18
BGC0000090	100588	46
BGC0000091	32132	44
BGC0000092	47981	38
BGC0000093	185250	103
BGC0000094	37948	14
BGC0000095	2254	4
BGC0000096	84428	86
BGC0000097	89357	45
BGC0000098	45000	18
BGC0000099	8104	1
BGC0000100	103450	57
BGC0000101	5711	4
BGC0000102	58343	41
BGC0000103	107217	21
BGC0000104	25485	16
BGC0000105	132544	66
BGC0000106	106181	57
BGC0000107	6818	3
BGC0000108	91901	43
BGC0000109	80358	23
BGC0000110	38365	23
BGC0000111	33079	14
BGC0000112	62615	46
BGC0000113	41097	13
BGC0000114	95700	18
BGC0000115	123580	41
BGC0000116	125717	45
BGC0000117	104326	35
BGC0000118	42898	52
BGC0000119	86350	79
BGC0000120	40217	30
BGC0000121	49130	42
BGC0000122	36839	11
BGC0000123	76196	56
BGC0000124	49420	12
BGC0000125	84985	33
BGC0000126	74342	16
BGC0000127	33648	35
BGC0000128	32800	37
BGC0000129	23078	18
BGC0000130	55655	65
BGC0000131	6280	12
BGC0000132	19907	22
BGC0000133	82338	36
BGC0000134	31332	10
BGC0000135	104853	54
BGC0000136	109528	88
BGC0000137	91572	78
BGC0000138	19055	22
BGC0000140	15000	20
BGC0000141	105657	105
BGC0000142	81988	50
BGC0000143	25809	15
BGC0000144	127961	70
BGC0000145	32637	42
BGC0000146	21000	12
BGC0000147	67523	20
BGC0000148	80161	42
BGC0000149	90501	28
BGC0000150	59693	94
BGC0000151	145999	50
BGC0000152	59725	34
BGC0000153	66808	31
BGC0000154	32134	25
BGC0000155	5129	4
BGC0000156	13275	10
BGC0000157	70100	14
BGC0000158	78527	40
BGC0000159	94050	49
BGC0000160	27092	18
BGC0000161	32758	22
BGC0000162	108236	45
BGC0000163	169690	86
BGC0000164	113234	66
BGC0000165	82483	62
BGC0000166	43280	8
BGC0000167	64492	40
BGC0000168	51400	22
BGC0000170	23997	20
BGC0000171	52580	42
BGC0000172	47811	46
BGC0000173	67546	26
BGC0000174	72988	10
BGC0000175	45467	18
BGC0000176	69641	30
BGC0000177	53336	11
BGC0000178	78240	39
BGC0000179	95796	34
BGC0000180	26865	8
BGC0000181	54840	20
BGC0000182	75137	72
BGC0000183	679	1
BGC0000184	148058	44
BGC0000185	50246	20
BGC0000186	86559	39
BGC0000187	63922	98
BGC0000188	37606	60
BGC0000189	8122	18
BGC0000190	28713	58
BGC0000191	25883	50
BGC0000192	15155	30
BGC0000193	14807	26
BGC0000194	21282	44
BGC0000195	31030	64
BGC0000196	9993	16
BGC0000197	35936	23
BGC0000198	38024	88
BGC0000199	40894	72
BGC0000200	31965	70
BGC0000201	28527	56
BGC0000202	50393	90
BGC0000203	48405	70
BGC0000204	17480	24
BGC0000205	10111	10
BGC0000206	19580	42
BGC0000207	17540	26
BGC0000208	38745	36
BGC0000209	41528	70
BGC0000210	42074	72
BGC0000211	34654	70
BGC0000212	35116	70
BGC0000213	46538	75
BGC0000214	14080	28
BGC0000215	5469	14
BGC0000216	50689	76
BGC0000217	8089	13
BGC0000218	8737	16
BGC0000219	24201	42
BGC0000220	22511	40
BGC0000221	20999	25
BGC0000222	43026	86
BGC0000223	66898	65
BGC0000224	33064	33
BGC0000225	25306	44
BGC0000226	33846	54
BGC0000227	39250	74
BGC0000228	5820	6
BGC0000229	41909	34
BGC0000230	36905	66
BGC0000231	5364	5
BGC0000232	34927	63
BGC0000233	45603	32
BGC0000234	7064	11
BGC0000235	21324	40
BGC0000236	34564	53
BGC0000237	12707	30
BGC0000238	61508	106
BGC0000239	34644	64
BGC0000240	75641	130
BGC0000241	62230	116
BGC0000242	43202	91
BGC0000243	15833	12
BGC0000244	10029	7
BGC0000245	36202	78
BGC0000246	18977	36
BGC0000247	42374	69
BGC0000248	5500	8
BGC0000249	12637	13
BGC0000250	19632	33
BGC0000251	16020	32
BGC0000252	15559	28
BGC0000253	24720	41
BGC0000254	25222	40
BGC0000255	10000	8
BGC0000256	37100	56
BGC0000257	49025	48
BGC0000258	25055	32
BGC0000259	24834	32
BGC0000260	35739	41
BGC0000261	17200	28
BGC0000262	54042	48
BGC0000263	32801	70
BGC0000264	16662	36
BGC0000265	12970	24
BGC0000266	32634	47
BGC0000267	36648	65
BGC0000268	77550	105
BGC0000269	53273	86
BGC0000270	39428	69
BGC0000271	11118	12
BGC0000272	8927	7
BGC0000273	42877	60
BGC0000274	34510	35
BGC0000275	13123	24
BGC0000276	11790	16
BGC0000277	11790	16
BGC0000278	5408	10
BGC0000279	52255	98
BGC0000280	6033	6
BGC0000281	8137	16
BGC0000282	2612	9
BGC0000283	46201	48
BGC0000284	11948	12
BGC0000285	11124	11
BGC0000286	19462	24
BGC0000287	17399	25
BGC0000288	80953	78
BGC0000289	89153	92
BGC0000290	69301	38
BGC0000291	126933	74
BGC0000292	27622	20
BGC0000293	12764	6
BGC0000294	32436	40
BGC0000295	13141	18
BGC0000296	66086	56
BGC0000297	31449	34
BGC0000298	25401	27
BGC0000299	39438	45
BGC0000300	35237	32
BGC0000301	23949	10
BGC0000302	36200	14
BGC0000303	33150	25
BGC0000304	63164	22
BGC0000305	40430	9
BGC0000306	30610	18
BGC0000307	35683	2
BGC0000308	7850	5
BGC0000309	19594	41
BGC0000310	48774	18
BGC0000311	66669	71
BGC0000312	41205	16
BGC0000313	33475	14
BGC0000314	33867	28
BGC0000315	82871	80
BGC0000316	44141	50
BGC0000317	26880	14
BGC0000318	5770	4
BGC0000319	34451	38
BGC0000320	35864	21
BGC0000321	43979	30
BGC0000322	34244	9
BGC0000323	33153	6
BGC0000324	25120	22
BGC0000325	22625	22
BGC0000326	55972	16
BGC0000327	29142	44
BGC0000328	6497	8
BGC0000329	21538	21
BGC0000330	36361	51
BGC0000331	31593	8
BGC0000332	31880	14
BGC0000333	47476	46
BGC0000334	42579	4
BGC0000335	37509	14
BGC0000336	127559	79
BGC0000337	106198	63
BGC0000338	120292	35
BGC0000339	45600	35
BGC0000340	18739	21
BGC0000341	116000	55
BGC0000342	10934	2
BGC0000343	34054	31
BGC0000344	65287	54
BGC0000345	25783	26
BGC0000346	29930	14
BGC0000347	23812	42
BGC0000348	19379	12
BGC0000349	24144	14
BGC0000350	35392	51
BGC0000351	15223	6
BGC0000352	26230	39
BGC0000353	28732	6
BGC0000354	70820	57
BGC0000355	24811	10
BGC0000356	27708	19
BGC0000357	18535	3
BGC0000358	32680	16
BGC0000359	24158	18
BGC0000360	55651	41
BGC0000361	616	3
BGC0000362	71286	61
BGC0000363	39983	38
BGC0000364	40072	38
BGC0000365	67229	59
BGC0000366	36842	36
BGC0000367	61351	29
BGC0000368	26478	30
BGC0000369	67299	58
BGC0000370	16752	2
BGC0000371	22528	22
BGC0000372	22263	16
BGC0000373	18317	26
BGC0000374	51499	23
BGC0000375	9457	8
BGC0000376	43673	44
BGC0000377	30538	13
BGC0000378	56081	48
BGC0000379	88912	50
BGC0000380	80175	62
BGC0000381	38858	37
BGC0000382	19400	20
BGC0000383	18348	10
BGC0000384	17000	4
BGC0000385	150063	91
BGC0000386	30500	57
BGC0000387	11103	11
BGC0000388	48200	54
BGC0000389	24247	4
BGC0000391	14231	7
BGC0000392	27716	28
BGC0000393	47917	6
BGC0000394	51977	28
BGC0000395	33451	28
BGC0000396	14288	6
BGC0000397	34328	12
BGC0000398	45376	15
BGC0000399	47019	37
BGC0000400	52556	10
BGC0000401	12882	12
BGC0000402	37279	8
BGC0000403	40806	16
BGC0000404	56820	19
BGC0000405	59497	20
BGC0000406	37823	49
BGC0000407	49123	26
BGC0000408	41040	5
BGC0000409	54514	34
BGC0000410	16011	10
BGC0000411	46846	15
BGC0000412	15023	10
BGC0000413	175053	254
BGC0000414	48769	48
BGC0000415	36568	34
BGC0000416	15336	6
BGC0000417	12075	12
BGC0000418	80193	39
BGC0000419	68709	84
BGC0000420	20658	21
BGC0000421	17974	20
BGC0000422	62804	77
BGC0000423	30019	20
BGC0000424	42151	30
BGC0000425	69799	16
BGC0000426	11658	4
BGC0000427	6460	8
BGC0000428	32713	52
BGC0000429	86806	91
BGC0000430	22000	14
BGC0000431	54894	44
BGC0000432	34051	24
BGC0000433	41884	46
BGC0000434	55697	48
BGC0000435	32187	17
BGC0000436	20734	14
BGC0000437	122697	34
BGC0000438	73800	6
BGC0000439	76640	30
BGC0000440	89713	106
BGC0000441	89976	53
BGC0000442	9758	10
BGC0000443	40038	11
BGC0000444	20622	24
BGC0000445	64650	64
BGC0000446	25846	28
BGC0000447	69124	18
BGC0000448	25954	34
BGC0000449	58360	10
BGC0000450	36746	36
BGC0000451	23636	30
BGC0000452	49086	39
BGC0000453	39345	20
BGC0000454	19890	20
BGC0000455	65044	64
BGC0000456	26762	2
BGC0000457	11273	27
BGC0000458	36401	42
BGC0000459	104670	36
BGC0000460	23710	32
BGC0000461	63720	10
BGC0000462	12151	9
BGC0000463	43206	8
BGC0000464	105986	53
BGC0000465	10042	4
BGC0000466	35805	31
BGC0000467	13629	8
BGC0000468	17579	26
BGC0000469	39920	46
BGC0000470	26921	22
BGC0000471	12969	16
BGC0000472	13708	20
BGC0000473	13853	16
BGC0000474	12600	16
BGC0000475	12693	15
BGC0000476	242	2
BGC0000477	11073	16
BGC0000478	204	2
BGC0000479	13422	35
BGC0000480	11821	14
BGC0000481	12514	22
BGC0000482	246	2
BGC0000483	14400	14
BGC0000484	6789	16
BGC0000485	2200	4
BGC0000486	6307	13
BGC0000487	12140	26
BGC0000488	11388	24
BGC0000489	6466	14
BGC0000490	3798	18
BGC0000491	4100	14
BGC0000492	300	2
BGC0000493	300	2
BGC0000494	7008	12
BGC0000495	38168	40
BGC0000496	7344	15
BGC0000497	11249	18
BGC0000498	14995	25
BGC0000499	4733	7
BGC0000500	8863	14
BGC0000501	7207	10
BGC0000502	16018	34
BGC0000503	17083	41
BGC0000504	7500	10
BGC0000505	480	4
BGC0000506	14098	22
BGC0000507	7358	14
BGC0000508	8700	17
BGC0000509	15487	21
BGC0000510	1110	6
BGC0000511	14150	30
BGC0000513	6202	10
BGC0000514	12705	22
BGC0000515	12630	30
BGC0000516	10919	16
BGC0000517	9115	10
BGC0000518	14885	14
BGC0000519	6400	10
BGC0000520	1069	8
BGC0000521	12132	17
BGC0000522	8350	20
BGC0000523	15996	34
BGC0000525	3837	6
BGC0000526	15171	26
BGC0000527	12324	20
BGC0000528	8182	21
BGC0000529	21406	40
BGC0000530	10117	18
BGC0000531	9746	17
BGC0000532	3480	4
BGC0000533	10050	17
BGC0000534	6359	15
BGC0000535	15016	22
BGC0000536	13530	22
BGC0000537	15653	22
BGC0000538	7610	12
BGC0000539	11740	19
BGC0000540	11692	22
BGC0000541	9113	14
BGC0000542	9130	14
BGC0000543	7872	12
BGC0000544	15580	30
BGC0000545	12802	26
BGC0000546	7975	21
BGC0000547	22620	22
BGC0000548	10610	16
BGC0000549	15312	25
BGC0000550	2398	5
BGC0000551	6727	8
BGC0000552	11776	14
BGC0000553	7439	13
BGC0000554	6545	11
BGC0000555	11749	10
BGC0000556	12040	20
BGC0000557	11650	20
BGC0000558	5203	6
BGC0000559	14616	24
BGC0000560	11100	12
BGC0000561	16519	26
BGC0000562	278	1
BGC0000563	5339	8
BGC0000564	8633	27
BGC0000565	20194	26
BGC0000566	8289	22
BGC0000567	7142	14
BGC0000568	5145	14
BGC0000569	9892	24
BGC0000570	3526	8
BGC0000571	4573	8
BGC0000572	4515	8
BGC0000573	9052	16
BGC0000574	6136	14
BGC0000575	5596	10
BGC0000576	7955	10
BGC0000577	8512	14
BGC0000578	5004	17
BGC0000579	6124	23
BGC0000580	2853	8
BGC0000581	4803	8
BGC0000582	12148	9
BGC0000583	6724	31
BGC0000584	3683	8
BGC0000585	6458	13
BGC0000586	13741	26
BGC0000587	16823	33
BGC0000588	12519	20
BGC0000589	8420	21
BGC0000590	5263	5
BGC0000591	5640	8
BGC0000592	9997	10
BGC0000593	6678	6
BGC0000594	6812	14
BGC0000595	21770	28
BGC0000596	21777	44
BGC0000597	10845	20
BGC0000598	15049	23
BGC0000599	6014	7
BGC0000600	8141	20
BGC0000601	6091	21
BGC0000602	7358	16
BGC0000603	26596	38
BGC0000604	22848	36
BGC0000605	17178	26
BGC0000606	14244	18
BGC0000607	24009	35
BGC0000608	4495	4
BGC0000609	45560	88
BGC0000610	34713	52
BGC0000611	38587	54
BGC0000612	21167	42
BGC0000613	15586	24
BGC0000614	29379	21
BGC0000615	35080	48
BGC0000616	4172	12
BGC0000617	6455	11
BGC0000618	760	9
BGC0000619	6935	18
BGC0000620	16653	13
BGC0000621	403	1
BGC0000622	5494	8
BGC0000623	2795	3
BGC0000624	7759	12
BGC0000625	30576	34
BGC0000626	7622	12
BGC0000627	28294	38
BGC0000628	13799	30
BGC0000629	42978	37
BGC0000630	6227	12
BGC0000631	29500	41
BGC0000632	13761	22
BGC0000633	14304	18
BGC0000634	11991	20
BGC0000635	10074	16
BGC0000636	14398	23
BGC0000637	9233	14
BGC0000638	6918	12
BGC0000639	6999	12
BGC0000640	8814	12
BGC0000641	8675	11
BGC0000642	9127	14
BGC0000643	10197	18
BGC0000644	6312	12
BGC0000645	7475	10
BGC0000646	6380	6
BGC0000647	3084	4
BGC0000648	11979	22
BGC0000649	10878	16
BGC0000650	7750	12
BGC0000651	35427	27
BGC0000652	36405	51
BGC0000653	21694	28
BGC0000654	49461	70
BGC0000655	38587	54
BGC0000656	3801	6
BGC0000657	5951	8
BGC0000658	2225	4
BGC0000659	1936	4
BGC0000660	2467	4
BGC0000661	5411	6
BGC0000662	14905	39
BGC0000663	13756	26
BGC0000664	8390	21
BGC0000665	21259	30
BGC0000666	29371	22
BGC0000667	7948	9
BGC0000668	36570	30
BGC0000669	34599	12
BGC0000670	32801	18
BGC0000671	168625	14
BGC0000672	243630	22
BGC0000673	9096	6
BGC0000674	4990	8
BGC0000675	4975	10
BGC0000676	15629	12
BGC0000677	5068	4
BGC0000678	13436	39
BGC0000679	47915	80
BGC0000680	20593	12
BGC0000682	27323	20
BGC0000683	1007	3
BGC0000684	21745	14
BGC0000685	28921	18
BGC0000686	16276	18
BGC0000687	25841	14
BGC0000688	13785	14
BGC0000689	32666	52
BGC0000690	25459	45
BGC0000691	41323	56
BGC0000692	39979	93
BGC0000693	29033	52
BGC0000694	19248	32
BGC0000695	47238	83
BGC0000696	84222	98
BGC0000697	38146	53
BGC0000698	39151	29
BGC0000699	34921	56
BGC0000700	67904	93
BGC0000701	6021	3
BGC0000702	25467	26
BGC0000703	205447	185
BGC0000704	47050	80
BGC0000705	41576	65
BGC0000706	15046	13
BGC0000707	7581	23
BGC0000708	40579	54
BGC0000709	50466	60
BGC0000710	42149	44
BGC0000711	30837	21
BGC0000712	48169	69
BGC0000713	31892	52
BGC0000714	46979	74
BGC0000715	18359	33
BGC0000716	29606	41
BGC0000717	90600	202
BGC0000718	8433	16
BGC0000719	12866	18
BGC0000720	13802	17
BGC0000721	43220	58
BGC0000722	45164	44
BGC0000723	37256	44
BGC0000724	31273	81
BGC0000725	5316	10
BGC0000726	4613	8
BGC0000727	29395	58
BGC0000728	19217	26
BGC0000729	19233	26
BGC0000730	22151	28
BGC0000731	20019	28
BGC0000732	20915	26
BGC0000733	20914	26
BGC0000734	16727	19
BGC0000735	20418	30
BGC0000736	15214	20
BGC0000737	7569	12
BGC0000738	11745	22
BGC0000739	8838	12
BGC0000740	4888	14
BGC0000741	4768	14
BGC0000742	2815	10
BGC0000743	2815	10
BGC0000744	4768	14
BGC0000745	4768	14
BGC0000746	4888	14
BGC0000747	4888	14
BGC0000748	4888	14
BGC0000749	5120	4
BGC0000750	8125	10
BGC0000751	6810	7
BGC0000752	7893	12
BGC0000753	7401	10
BGC0000754	9476	12
BGC0000755	9470	12
BGC0000756	8858	11
BGC0000757	8139	10
BGC0000758	46392	78
BGC0000759	29473	48
BGC0000760	26953	44
BGC0000761	28120	48
BGC0000762	20766	39
BGC0000763	18450	14
BGC0000764	16963	32
BGC0000765	22198	30
BGC0000766	36511	58
BGC0000767	24625	46
BGC0000768	31500	46
BGC0000769	27516	40
BGC0000770	12576	30
BGC0000771	6047	10
BGC0000772	13835	19
BGC0000773	15943	32
BGC0000774	37753	70
BGC0000775	32661	43
BGC0000776	11821	22
BGC0000777	11312	12
BGC0000778	10545	14
BGC0000779	5699	10
BGC0000780	63330	63
BGC0000781	16736	27
BGC0000782	23183	39
BGC0000783	13187	20
BGC0000784	17453	18
BGC0000785	19916	36
BGC0000786	12215	20
BGC0000787	13663	26
BGC0000788	21532	38
BGC0000789	18772	18
BGC0000790	11950	24
BGC0000791	12875	26
BGC0000792	18817	17
BGC0000793	11783	20
BGC0000794	19983	30
BGC0000795	30344	45
BGC0000796	27294	42
BGC0000797	28804	42
BGC0000798	104445	10
BGC0000799	23911	42
BGC0000800	16075	26
BGC0000801	31638	25
BGC0000802	10600	18
BGC0000803	19797	31
BGC0000804	40342	81
BGC0000805	4725	6
BGC0000806	70887	55
BGC0000807	36088	62
BGC0000808	14770	52
BGC0000809	42000	49
BGC0000810	264206	26
BGC0000811	22151	22
BGC0000812	26001	26
BGC0000813	20300	28
BGC0000814	44760	49
BGC0000815	25344	18
BGC0000816	20179	14
BGC0000817	6813	12
BGC0000818	43815	54
BGC0000819	47884	30
BGC0000820	8547	16
BGC0000821	26144	27
BGC0000822	25681	29
BGC0000823	17512	22
BGC0000824	29253	55
BGC0000825	22999	30
BGC0000826	26085	49
BGC0000827	24299	34
BGC0000828	9077	12
BGC0000829	10094	9
BGC0000830	8319	8
BGC0000831	7315	10
BGC0000832	32943	56
BGC0000833	37833	64
BGC0000834	23217	40
BGC0000835	9858	16
BGC0000836	15021	38
BGC0000837	18538	40
BGC0000838	35062	74
BGC0000839	25636	50
BGC0000840	20310	14
BGC0000841	11022	18
BGC0000842	43761	56
BGC0000843	23665	47
BGC0000844	13901	10
BGC0000845	33530	48
BGC0000846	22972	44
BGC0000847	32329	30
BGC0000848	944	3
BGC0000849	1709	4
BGC0000850	2474	6
BGC0000851	4523	10
BGC0000852	3537	6
BGC0000853	3366	8
BGC0000854	6907	12
BGC0000855	3558	7
BGC0000856	4347	8
BGC0000857	4871	9
BGC0000858	4253	8
BGC0000859	3305	8
BGC0000860	5134	10
BGC0000861	20498	10
BGC0000862	37895	9
BGC0000863	17116	7
BGC0000864	41587	22
BGC0000865	33099	25
BGC0000866	5500	4
BGC0000867	6420	12
BGC0000868	9300	16
BGC0000869	17945	14
BGC0000870	3889	12
BGC0000871	8806	10
BGC0000872	35385	57
BGC0000873	33676	62
BGC0000874	36677	64
BGC0000875	28072	46
BGC0000876	9389	16
BGC0000877	46066	59
BGC0000878	9120	16
BGC0000879	14617	24
BGC0000880	11993	28
BGC0000881	10499	20
BGC0000882	19813	34
BGC0000883	30884	29
BGC0000884	3005	6
BGC0000885	16706	24
BGC0000886	15080	20
BGC0000887	30991	41
BGC0000888	4342	10
BGC0000889	19769	34
BGC0000890	11090	20
BGC0000891	11262	20
BGC0000892	13186	24
BGC0000893	22005	34
BGC0000894	44000	14
BGC0000895	11180	21
BGC0000896	20745	32
BGC0000897	20143	33
BGC0000898	12441	18
BGC0000899	17665	26
BGC0000900	9052	4
BGC0000901	23114	6
BGC0000902	3902	10
BGC0000903	12003	24
BGC0000904	15076	22
BGC0000905	16361	34
BGC0000906	17398	32
BGC0000907	38217	33
BGC0000908	6497	9
BGC0000909	6625	9
BGC0000910	1419	4
BGC0000911	1287	6
BGC0000912	1264	6
BGC0000913	11029	20
BGC0000914	19341	42
BGC0000915	63728	102
BGC0000916	13903	33
BGC0000917	2477	8
BGC0000918	4994	5
BGC0000919	7088	6
BGC0000920	2640	4
BGC0000921	15750	30
BGC0000922	13135	33
BGC0000923	6397	9
BGC0000924	5698	8
BGC0000925	18788	29
BGC0000926	35265	45
BGC0000927	3026	23
BGC0000928	37606	60
BGC0000929	7690	12
BGC0000930	30159	18
BGC0000931	27022	12
BGC0000932	19617	45
BGC0000933	5189	5
BGC0000934	25554	44
BGC0000935	29897	50
BGC0000936	6720	14
BGC0000937	33657	28
BGC0000938	31799	44
BGC0000939	16366	17
BGC0000940	7327	12
BGC0000941	6126	13
BGC0000942	7089	18
BGC0000943	16713	32
BGC0000944	6092	8
BGC0000945	11962	32
BGC0000946	7734	10
BGC0000947	16122	22
BGC0000948	2462	4
BGC0000949	65257	37
BGC0000950	35298	58
BGC0000951	30311	44
BGC0000952	66339	78
BGC0000953	37337	45
BGC0000954	83663	25
BGC0000955	33020	12
BGC0000956	28485	21
BGC0000957	40389	26
BGC0000958	24625	30
BGC0000959	33731	18
BGC0000960	63538	94
BGC0000961	36594	42
BGC0000962	40156	24
BGC0000963	77457	48
BGC0000964	38577	26
BGC0000965	85163	66
BGC0000966	44640	25
BGC0000967	148229	50
BGC0000968	25930	14
BGC0000969	49145	19
BGC0000970	51243	27
BGC0000971	29932	28
BGC0000972	55140	42
BGC0000973	46672	50
BGC0000974	61438	35
BGC0000975	57306	16
BGC0000976	65189	15
BGC0000977	34298	14
BGC0000978	42156	28
BGC0000979	6921	6
BGC0000980	6921	6
BGC0000981	57112	36
BGC0000982	63876	25
BGC0000983	45017	26
BGC0000984	40956	14
BGC0000985	54756	33
BGC0000986	51005	34
BGC0000988	68750	29
BGC0000989	56019	14
BGC0000990	72852	33
BGC0000991	58733	17
BGC0000992	60504	32
BGC0000993	40434	35
BGC0000994	77534	44
BGC0000995	80583	40
BGC0000996	16574	14
BGC0000997	36000	32
BGC0000998	51101	52
BGC0000999	20280	8
BGC0001000	41964	8
BGC0001001	69900	26
BGC0001002	25111	22
BGC0001003	66871	44
BGC0001004	98566	72
BGC0001005	46783	27
BGC0001006	25044	24
BGC0001007	23686	26
BGC0001008	85411	96
BGC0001009	51855	28
BGC0001010	51855	28
BGC0001011	116831	61
BGC0001012	91893	10
BGC0001013	116856	84
BGC0001014	38123	20
BGC0001015	55575	18
BGC0001016	57817	24
BGC0001017	63626	34
BGC0001018	33711	13
BGC0001019	58049	22
BGC0001020	54698	73
BGC0001021	23820	30
BGC0001022	49736	18
BGC0001023	29111	6
BGC0001024	42603	14
BGC0001025	82756	51
BGC0001026	19818	6
BGC0001027	20509	24
BGC0001028	40989	15
BGC0001029	55508	14
BGC0001030	10258	5
BGC0001031	77781	46
BGC0001032	78466	46
BGC0001033	58752	29
BGC0001034	61485	24
BGC0001035	115834	62
BGC0001036	73445	37
BGC0001037	18798	10
BGC0001038	41430	54
BGC0001039	42448	52
BGC0001040	107379	56
BGC0001041	42009	62
BGC0001042	118372	64
BGC0001043	16182	12
BGC0001044	68683	46
BGC0001045	54335	30
BGC0001046	80894	67
BGC0001047	22118	12
BGC0001048	80158	64
BGC0001049	21932	9
BGC0001050	19730	4
BGC0001051	82258	24
BGC0001052	55522	15
BGC0001053	82868	40
BGC0001054	41308	42
BGC0001055	84189	183
BGC0001056	55138	46
BGC0001057	49993	22
BGC0001058	84773	69
BGC0001059	65755	54
BGC0001060	76048	59
BGC0001061	52164	86
BGC0001062	39835	30
BGC0001063	31640	44
BGC0001064	26219	12
BGC0001065	159472	192
BGC0001066	66606	40
BGC0001067	35153	30
BGC0001068	39008	16
BGC0001069	96547	16
BGC0001070	132542	118
BGC0001071	59320	13
BGC0001072	75379	97
BGC0001073	82504	61
BGC0001074	41942	80
BGC0001075	17525	22
BGC0001076	29709	50
BGC0001077	6549	18
BGC0001078	27448	25
BGC0001079	43410	61
BGC0001080	17804	36
BGC0001081	39942	6
BGC0001082	18808	16
BGC0001083	60157	82
BGC0001084	42456	19
BGC0001085	10645	7
BGC0001086	14082	8
BGC0001087	1526	44
BGC0001088	55839	40
BGC0001089	72494	28
BGC0001090	44646	30
BGC0001091	79373	31
BGC0001092	42784	65
BGC0001093	84868	25
BGC0001094	71413	48
BGC0001095	49541	44
BGC0001096	95426	48
BGC0001098	41599	18
BGC0001099	77317	58
BGC0001100	30959	30
BGC0001101	135638	99
BGC0001102	35747	28
BGC0001103	46860	20
BGC0001104	11480	29
BGC0001105	36513	19
BGC0001106	127726	55
BGC0001107	8444	2
BGC0001108	75778	24
BGC0001109	52659	18
BGC0001110	72054	19
BGC0001111	92218	19
BGC0001112	81989	18
BGC0001113	93443	30
BGC0001114	85738	35
BGC0001115	86852	74
BGC0001116	57999	36
BGC0001117	51421	45
BGC0001118	21390	18
BGC0001119	72571	58
BGC0001120	37695	59
BGC0001121	9907	10
BGC0001122	43662	32
BGC0001123	43742	44
BGC0001124	11666	2
BGC0001125	56729	20
BGC0001126	41745	32
BGC0001127	45262	22
BGC0001128	15698	2
BGC0001130	48226	28
BGC0001131	29470	18
BGC0001132	12416	2
BGC0001133	65887	105
BGC0001134	725	2
BGC0001135	16848	2
BGC0001136	20147	9
BGC0001137	18476	13
BGC0001138	39199	37
BGC0001140	41207	36
BGC0001141	37663	10
BGC0001142	59698	22
BGC0001143	40516	30
BGC0001144	15200	10
BGC0001145	15725	25
BGC0001146	12498	14
BGC0001147	28600	41
BGC0001148	28927	42
BGC0001149	12785	10
BGC0001150	23437	60
BGC0001151	19935	28
BGC0001152	31810	16
BGC0001153	40825	10
BGC0001154	16560	28
BGC0001155	26286	42
BGC0001156	35787	31
BGC0001157	17166	26
BGC0001158	1569	2
BGC0001159	43083	41
BGC0001160	8162	2
BGC0001161	9160	2
BGC0001162	9347	2
BGC0001163	9298	4
BGC0001164	8327	2
BGC0001165	87427	28
BGC0001166	15624	2
BGC0001167	9324	20
BGC0001168	4581	6
BGC0001169	49160	12
BGC0001170	8485	18
BGC0001171	5891	16
BGC0001172	42435	52
BGC0001173	9944	24
BGC0001174	6051	14
BGC0001176	4791	10
BGC0001177	36742	52
BGC0001178	80908	46
BGC0001179	46538	56
BGC0001180	5496	22
BGC0001181	2180	2
BGC0001182	35736	16
BGC0001183	151511	60
BGC0001184	7297	21
BGC0001185	11720	15
BGC0001186	103038	25
BGC0001187	12562	4
BGC0001188	8470	30
BGC0001189	41929	41
BGC0001190	52959	40
BGC0001191	16525	15
BGC0001192	41172	5
BGC0001193	41334	38
BGC0001194	72530	44
BGC0001195	76701	19
BGC0001196	45196	22
BGC0001197	12678	28
BGC0001198	3305	6
BGC0001199	63399	50
BGC0001200	62016	42
BGC0001201	2290	6
BGC0001202	27730	18
BGC0001203	37516	19
BGC0001204	108224	70
BGC0001205	47243	32
BGC0001206	11720	18
BGC0001207	52035	10
BGC0001208	10889	30
BGC0001209	3512	8
BGC0001210	9234	12
BGC0001211	33662	21
BGC0001212	55222	28
BGC0001213	45516	54
BGC0001214	47529	24
BGC0001215	41097	35
BGC0001216	25279	31
BGC0001217	1691	6
BGC0001218	26398	7
BGC0001219	23499	14
BGC0001220	150000	2
BGC0001221	24521	52
BGC0001222	3537	14
BGC0001223	9681	12
BGC0001224	9833	12
BGC0001225	27353	24
BGC0001226	6017	12
BGC0001227	12143	22
BGC0001228	37780	48
BGC0001229	8630	8
BGC0001230	48212	28
BGC0001231	62267	28
BGC0001232	40232	7
BGC0001233	72176	38
BGC0001234	15590	12
BGC0001235	50952	13
BGC0001236	29057	34
BGC0001237	21550	20
BGC0001238	7027	6
BGC0001239	7028	6
BGC0001240	28981	2
BGC0001241	36856	21
BGC0001242	23164	16
BGC0001243	1780	2
BGC0001244	5358	3
BGC0001245	30072	12
BGC0001246	28428	11
BGC0001247	6591	1
BGC0001248	4300	2
BGC0001249	6120	2
BGC0001250	14073	2
BGC0001251	15433	2
BGC0001252	7958	2
BGC0001253	2773	2
BGC0001254	7794	2
BGC0001255	41299	22
BGC0001256	4000	1
BGC0001257	7549	2
BGC0001258	14995	4
BGC0001259	8031	2
BGC0001260	25000	17
BGC0001261	14903	2
BGC0001262	32353	10
BGC0001263	4970	2
BGC0001264	50001	12
BGC0001265	9936	2
BGC0001266	29999	5
BGC0001267	36856	21
BGC0001268	12891	2
BGC0001269	4996	3
BGC0001270	2900	2
BGC0001271	29910	28
BGC0001272	8031	2
BGC0001273	5301	1
BGC0001274	2010	2
BGC0001275	9951	2
BGC0001276	7588	2
BGC0001277	57840	44
BGC0001278	54488	47
BGC0001279	2323	2
BGC0001280	50001	12
BGC0001281	344927	227
BGC0001282	63116	16
BGC0001283	32354	56
BGC0001284	5292	1
BGC0001285	22800	19
BGC0001286	16181	21
BGC0001287	78780	59
BGC0001288	149333	70
BGC0001289	10643	15
BGC0001290	37423	10
BGC0001291	9016	15
BGC0001292	38456	46
BGC0001293	49740	34
BGC0001294	9018	11
BGC0001295	18154	28
BGC0001296	43735	24
BGC0001297	55539	80
BGC0001298	41001	9
BGC0001299	70336	25
BGC0001300	59810	24
BGC0001301	53253	18
BGC0001302	25686	46
BGC0001303	108672	92
BGC0001304	15093	10
BGC0001305	24252	12
BGC0001306	6408	8
BGC0001307	4083	11
BGC0001308	27780	61
BGC0001309	7950	2
BGC0001310	2704	6
BGC0001311	15399	42
BGC0001312	43436	34
BGC0001313	90000	70
BGC0001314	60000	40
BGC0001315	35297	12
BGC0001316	409731	24
BGC0001317	277585	18
BGC0001318	80994	16
BGC0001319	8094042	7
BGC0001320	110073	3
BGC0001321	149366	21
BGC0001322	127509	19
BGC0001323	76813	12
BGC0001324	107124	17
BGC0001325	401328	10
BGC0001327	38417	18
BGC0001328	38896	30
BGC0001329	36803	38
BGC0001330	43586	42
BGC0001331	34975	34
BGC0001332	42085	31
BGC0001333	20017	28
BGC0001334	20776	26
BGC0001335	26122	36
BGC0001336	12619	21
BGC0001337	22532	36
BGC0001338	42812	32
BGC0001339	69699	44
BGC0001340	52546	40
BGC0001341	20821	10
BGC0001342	81745	21
BGC0001343	19349	36
BGC0001344	51513	24
BGC0001345	19653	24
BGC0001346	34679	16
BGC0001347	9583	2
BGC0001348	70800	36
BGC0001349	84595	24
BGC0001350	99059	46
BGC0001351	41608	44
BGC0001352	46601	50
BGC0001353	13567	8
BGC0001354	26211	28
BGC0001355	27100	28
BGC0001356	5700	10
BGC0001357	26931	26
BGC0001358	99574	40
BGC0001359	99360	38
BGC0001360	23174	17
BGC0001361	4579	9
BGC0001362	19623	45
BGC0001363	43207	10
BGC0001364	17589	37
BGC0001365	23783	22
BGC0001366	15462	32
BGC0001367	39719	34
BGC0001368	42136	64
BGC0001369	30926	31
BGC0001370	79876	47
BGC0001371	56631	26
BGC0001372	53605	14
BGC0001373	117221	54
BGC0001374	17250	28
BGC0001375	12837	10
BGC0001376	35845	33
BGC0001377	45001	60
BGC0001378	49994	69
BGC0001379	33575	28
BGC0001380	19646	29
BGC0001381	210303	145
BGC0001382	41148	32
BGC0001383	55350	18
BGC0001384	44148	72
BGC0001385	52546	40
BGC0001386	25601	46
BGC0001387	29758	36
BGC0001388	6188	18
BGC0001389	84760	13
BGC0001390	19745	6
BGC0001391	10393	17
BGC0001392	21925	34
BGC0001393	30783	30
BGC0001394	56240	24
BGC0001395	24720	36
BGC0001396	81762	72
BGC0001397	72675	116
BGC0001398	570	2
BGC0001399	13258	10
BGC0001400	15465	10
BGC0001401	2055	2
BGC0001402	38424	16
BGC0001403	25710	28
BGC0001404	28757	21
BGC0001405	59509	36
BGC0001406	82135	68
BGC0001407	10801	22
BGC0001408	10297	21
BGC0001409	59215	88
BGC0001410	16792	29
BGC0001411	34508	54
BGC0001412	24454	45
BGC0001413	52081	43
BGC0001414	66865	40
BGC0001415	30287	17
BGC0001416	115070	28
BGC0001417	34448	32
BGC0001418	40460	32
BGC0001419	40204	32
BGC0001420	43282	35
BGC0001421	47099	35
BGC0001422	42748	38
BGC0001423	41128	35
BGC0001424	41589	38
BGC0001425	44135	35
BGC0001426	44134	35
BGC0001427	44152	35
BGC0001428	44682	38
BGC0001429	39989	32
BGC0001430	38283	32
BGC0001431	39885	32
BGC0001432	42417	17
BGC0001433	68295	74
BGC0001434	14218	3
BGC0001435	36760	25
BGC0001436	58291	42
BGC0001437	19561	28
BGC0001438	38314	67
BGC0001439	40064	65
BGC0001440	13771	18
BGC0001441	27983	46
BGC0001442	32297	30
BGC0001443	24157	36
BGC0001444	14044	19
BGC0001445	31619	22
BGC0001446	15812	8
BGC0001447	112680	74
BGC0001448	72298	64
BGC0001449	42500	26
BGC0001450	2837	1
BGC0001451	35799	16
BGC0001452	93434	72
BGC0001453	7234	12
BGC0001454	1185	2
BGC0001455	26743	32
BGC0001456	9777	16
BGC0001457	54671	74
BGC0001458	11294	18
BGC0001459	67930	76
BGC0001460	66346	73
BGC0001461	67792	71
BGC0001462	69374	73
BGC0001463	6707	12
BGC0001464	6705	12
BGC0001465	12219	22
BGC0001466	9221	1
BGC0001467	25781	10
BGC0001468	8965	24
BGC0001469	30052	34
BGC0001470	95174	45
BGC0001471	24762	40
BGC0001472	19486	29
BGC0001473	31850	44
BGC0001474	28371	45
BGC0001475	9620	8
BGC0001476	17700	32
BGC0001477	116700	25
BGC0001478	5420	4
BGC0001479	6545	10
BGC0001480	19783	36
BGC0001481	1256	2
BGC0001483	25255	21
BGC0001484	36432	31
BGC0001485	18179	15
BGC0001486	11213	20
BGC0001487	9111	18
BGC0001488	13751	34
BGC0001489	22744	6
BGC0001490	8722	8
BGC0001491	125821	48
BGC0001492	70308	32
BGC0001493	2810	8
BGC0001494	5184	10
BGC0001495	56720	17
BGC0001496	9036	22
BGC0001497	32296	30
BGC0001498	14520	25
BGC0001499	14028	12
BGC0001500	45228	74
BGC0001501	42974	66
BGC0001502	15613	15
BGC0001503	89350	70
BGC0001504	13733	16
BGC0001505	10279	21
BGC0001506	2830	8
BGC0001507	3505	8
BGC0001508	29400	20
BGC0001509	44765	18
BGC0001510	14535	23
BGC0001511	82944	42
BGC0001512	19325	40
BGC0001513	11817	22
BGC0001514	37469	48
BGC0001515	64034	30
BGC0001516	14977	14
BGC0001517	37210	22
BGC0001518	23498	20
BGC0001519	64789	66
BGC0001520	80280	56
BGC0001521	27274	42
BGC0001522	126292	67
BGC0001523	129796	46
BGC0001524	20981	24
BGC0001525	16392	11
BGC0001526	14417	20
BGC0001527	8170	2
BGC0001528	21000	8
BGC0001529	12821	20
BGC0001530	8964	16
BGC0001531	11264	12
BGC0001532	62967	18
BGC0001533	63657	54
BGC0001534	5762	8
BGC0001535	4391	6
BGC0001536	60225	11
BGC0001537	68928	30
BGC0001538	15713	20
BGC0001539	2709	9
BGC0001540	38626	61
BGC0001541	42805	32
BGC0001542	22797	14
BGC0001543	51428	26
BGC0001544	27726	22
BGC0001545	14914	8
BGC0001546	10916	20
BGC0001547	20796	30
BGC0001548	3454	7
BGC0001549	4756	10
BGC0001550	5409	10
BGC0001551	2552	6
BGC0001552	4561	9
BGC0001553	20863	10
BGC0001554	5974	10
BGC0001555	103275	389
BGC0001556	21510	14
BGC0001557	58291	42
BGC0001558	54270	106
BGC0001559	57070	31
BGC0001560	28792	14
BGC0001561	17577	25
BGC0001562	19442	22
BGC0001563	53000	18
BGC0001564	54398	22
BGC0001565	90396	14
BGC0001566	30207	32
BGC0001567	30865	22
BGC0001568	58217	51
BGC0001569	46256	48
BGC0001570	15483	18
BGC0001571	66331	52
BGC0001572	12989	8
BGC0001573	27143	12
BGC0001574	24094	18
BGC0001575	29971	34
BGC0001576	16772	16
BGC0001577	2907	10
BGC0001578	31149	27
BGC0001579	8837	16
BGC0001580	74027	36
BGC0001581	8735	7
BGC0001582	74009	19
BGC0001583	21067	7
BGC0001584	73117	56
BGC0001585	44233	22
BGC0001586	19072	34
BGC0001587	8254	15
BGC0001588	24398	42
BGC0001589	31281	44
BGC0001590	43083	86
BGC0001591	30244	30
BGC0001592	19687	33
BGC0001593	65900	55
BGC0001594	38842	62
BGC0001595	28227	46
BGC0001596	46687	86
BGC0001597	71515	66
BGC0001598	57596	82
BGC0001599	9372	16
BGC0001600	23598	16
BGC0001601	1142	6
BGC0001602	6934	18
BGC0001603	46458	37
BGC0001604	30000	15
BGC0001605	9117	20
BGC0001606	22543	10
BGC0001607	28238	51
BGC0001608	46816	16
BGC0001609	30121	16
BGC0001610	17634	30
BGC0001611	72893	54
BGC0001612	41276	64
BGC0001613	2934	2
BGC0001614	47882	44
BGC0001615	10987	14
BGC0001616	14028	6
BGC0001617	46495	34
BGC0001618	8595	16
BGC0001619	334748	40
BGC0001620	57755	21
BGC0001621	27168	20
BGC0001622	23603	21
BGC0001623	37581	36
BGC0001624	43773	23
BGC0001625	22706	46
BGC0001626	40539	20
BGC0001627	10805	13
BGC0001628	35856	18
BGC0001629	20616	6
BGC0001630	36804	22
BGC0001631	26273	12
BGC0001632	5179	17
BGC0001633	6214	12
BGC0001634	5473	10
BGC0001635	49433	50
BGC0001636	75000	20
BGC0001637	18578	24
BGC0001638	5882	10
BGC0001639	5011	10
BGC0001640	12133	9
BGC0001641	49536	4
BGC0001642	1719	2
BGC0001643	7543	10
BGC0001644	128481	42
BGC0001645	5608	10
BGC0001646	99473	22
BGC0001647	18308	18
BGC0001648	76167	22
BGC0001649	55094	34
BGC0001650	26129	11
BGC0001651	10710	27
BGC0001652	25568	36
BGC0001653	66232	24
BGC0001654	19802	36
BGC0001655	5571	12
BGC0001656	101179	30
BGC0001657	71777	23
BGC0001658	53528	68
BGC0001659	16556	6
BGC0001660	7887	7
BGC0001661	23240	44
BGC0001662	168395	57
BGC0001663	22989	18
BGC0001664	27742	38
BGC0001665	19518	18
BGC0001666	69750	53
BGC0001667	55137	20
BGC0001668	7543	6
BGC0001669	40000	42
BGC0001670	88860	40
BGC0001671	77714	30
BGC0001672	42628	16
BGC0001673	2914	8
BGC0001674	11912	28
BGC0001675	67000	84
BGC0001676	16020	7
BGC0001677	23325	14
BGC0001678	12311	2
BGC0001679	12481	7
BGC0001680	791	2
BGC0001681	1862	5
BGC0001682	1531	4
BGC0001683	4330	8
BGC0001684	4788	8
BGC0001685	2876	4
BGC0001686	15937	18
BGC0001687	40970	32
BGC0001688	30244	30
BGC0001689	6951	9
BGC0001690	91778	22
BGC0001691	1593	2
BGC0001692	32913	31
BGC0001693	65423	60
BGC0001694	73869	32
BGC0001695	41200	34
BGC0001696	9985	22
BGC0001697	47014	32
BGC0001698	14218	3
BGC0001699	30426	8
BGC0001700	132350	62
BGC0001701	16220	30
BGC0001702	68204	27
BGC0001703	41570	42
BGC0001704	37663	39
BGC0001705	48240	18
BGC0001706	28944	26
BGC0001707	27246	23
BGC0001708	32996	26
BGC0001709	119205	38
BGC0001710	19561	28
BGC0001711	55237	34
BGC0001712	41062	34
BGC0001713	11162	14
BGC0001714	69171	48
BGC0001715	50126	27
BGC0001716	43440	30
BGC0001717	19661	14
BGC0001718	15215	10
BGC0001719	38658	34
BGC0001720	45621	28
BGC0001721	30395	15
BGC0001722	18582	12
BGC0001723	10733	20
BGC0001724	71055	40
BGC0001725	6801	8
BGC0001726	31637	9
BGC0001727	13201	33
BGC0001728	66637	51
BGC0001729	47451	30
BGC0001730	40401	28
BGC0001731	64000	53
BGC0001732	65000	53
BGC0001733	8069	10
BGC0001734	24019	20
BGC0001735	39550	42
BGC0001736	12887	16
BGC0001737	53488	20
BGC0001738	24325	14
BGC0001739	14894	27
BGC0001740	100000	51
BGC0001741	42946	20
BGC0001742	50415	36
BGC0001743	3046	21
BGC0001745	5392	12
BGC0001746	1118	2
BGC0001747	11155	18
BGC0001748	18705	6
BGC0001749	54984	33
BGC0001750	38255	34
BGC0001751	69479	46
BGC0001752	39091	36
BGC0001753	20651	37
BGC0001754	43201	10
BGC0001755	103914	34
BGC0001756	23874	16
BGC0001757	3221	6
BGC0001758	22976	2
BGC0001759	113830	63
BGC0001760	29093	28
BGC0001761	50778	36
BGC0001762	36216	58
BGC0001763	55642	40
BGC0001764	67922	51
BGC0001765	24348	40
BGC0001766	48212	28
BGC0001767	30231	26
BGC0001768	28113	11
BGC0001769	44740	80
BGC0001770	94426	25
BGC0001771	18477	34
BGC0001772	120143	25
BGC0001773	107310	79
BGC0001774	24024	36
BGC0001775	30001	12
BGC0001776	68344	31
BGC0001777	25112	11
BGC0001778	16474	34
BGC0001779	6291	12
BGC0001780	52640	10
BGC0001781	2901	12
BGC0001782	39999	33
BGC0001783	64041	103
BGC0001784	95952	41
BGC0001785	95304	71
BGC0001786	10953	19
BGC0001787	13318	18
BGC0001788	11509	21
BGC0001789	13648	22
BGC0001790	34975	34
BGC0001791	30192	24
BGC0001792	82463	42
BGC0001793	22998	13
BGC0001794	23916	11
BGC0001795	87858	12
BGC0001796	40581	44
BGC0001797	22234	38
BGC0001798	75306	83
BGC0001799	935095	24
BGC0001800	55291	22
BGC0001801	28810	30
BGC0001802	11484	16
BGC0001803	30576	34
BGC0001804	49994	69
BGC0001805	25846	28
BGC0001806	60453	3
BGC0001807	98792	39
BGC0001808	10410	20
BGC0001809	2096	4
BGC0001810	16267	24
BGC0001811	27272	22
BGC0001812	73895	48
BGC0001813	28111	30
BGC0001814	57736	72
BGC0001815	45001	60
BGC0001816	118762	25
BGC0001817	203416	5
BGC0001818	40455	92
BGC0001819	29562	32
BGC0001820	46319	26
BGC0001821	46319	26
BGC0001822	44663	24
BGC0001823	76440	60
BGC0001824	17536	12
BGC0001825	14849	2
BGC0001826	17374	16
BGC0001827	48922	28
BGC0001828	74735	26
BGC0001829	25136	27
BGC0001830	64171	46
