BGC0000001	JF752342	21656887
BGC0000002	CP007155	25301375
BGC0000003	AB179766	10.1007/s10327-004-0170-3
BGC0000004	AB196490	16391082
BGC0000005	AY371490	8953728;12749588;11956746
BGC0000006	AY510451	15528514
BGC0000007	AY510452	12382060;15528514
BGC0000008	AY510453	15528514
BGC0000009	AY510454	15528514
BGC0000010	AY510455	16108793
BGC0000011	AY092402	19537208
BGC0000012	AB120221	6436801;16356847
BGC0000013	BN001304	22510154
BGC0000014	DQ897667	17185223
BGC0000015	AF357202;AY639386	11451671;16079135
BGC0000016	AY636001	15563836
BGC0000017	FJ477836	25108149;24311576;21786780;20675499;19954230;19489636;19447947;21873484;23277585
BGC0000018	EU220288	18802638
BGC0000019	EU232693	18802638
BGC0000020	AF453501	12060743
BGC0000021	JF819834	21869849
BGC0000022	AACD01000015	19199437
BGC0000023	AM850130	17919655
BGC0000024	AJ575648	13174453;770405;11079808;14700630;15038705;15612710;15645471;15812854;16292785;17718517;17763486;17765264;18458342;20798054;21280577;21678538;22799266;23606628;24402879;24973817;20662518
BGC0000025	AB032523	10449723
BGC0000026	AF333038	11410376;11181344;11832501;15489167;15640214;16242656;16537546;17113996;19609289;15581897;12828631;10770739;4435163
BGC0000027	KC148521	23504076
BGC0000028	GU390405.1	23362147
BGC0000029	FJ872523	19875084
BGC0000030	HF679027	17927749
BGC0000031	AJ580915	15112998;14651102;15186422
BGC0000032	HM452329	21173184
BGC0000033	AF497482	12183629
BGC0000034	AY310323	14652074
BGC0000035	AY509120	15561847
BGC0000036	DQ116941	16793515;16677607;20534347;19266533
BGC0000037	BN001301	18978088
BGC0000038	AL645882	12000953;8843436
BGC0000039	AB072893	18667169;12436257;12172803;12242508
BGC0000040	DQ149987	16207901
BGC0000041	AF098795	9860992
BGC0000042	AB818354	24014395
BGC0000043	GQ412749	19835378
BGC0000044	CP002271	25102237
BGC0000045	JX971534	23335766
BGC0000046	FJ977165	19737099
BGC0000047	AY118081	17053005
BGC0000048	DQ149246	16649078
BGC0000049	DQ272521;DQ272522	16724457
BGC0000050	DQ272520	16724457
BGC0000051	KC894072	23801186
BGC0000052	AY899214	15844935
BGC0000053	GP697151	US7595187
BGC0000054	AY623658	15257441
BGC0000055	AM420293	22187221
BGC0000056	AY267372	14528002
BGC0000057	AACD01000135	20174687;9448638;19666480
BGC0000058	AB469193	20589823
BGC0000059	BA000030	20536237
BGC0000060	HQ434551	23352138
BGC0000061	AY310323	14652074
BGC0000062	AF155773	10413619;11728154;12423021;12620260;14602658;16536629;17483290
BGC0000063	EU449979	18375156
BGC0000064	AY604568	15368570
BGC0000065	GU300145	20662933;25336658
BGC0000066	AY179507	12586396
BGC0000067	DQ249341	18600054
BGC0000068	DQ914285	18214443
BGC0000069	KF479198	24298873
BGC0000070	GU574478	23978092;22942257;22191585;20534346;15985553;588267;864701;4583106
BGC0000072	KM361622	25287056
BGC0000073	AB241068	16568718
BGC0000074	AY947889	16085885
BGC0000075	JX504844	24501776
BGC0000076	EU520417	18567690
BGC0000077	EU520418	18567690
BGC0000078	AB767280	23921821
BGC0000079	FJ545274	19301315
BGC0000080	DQ897668	17185223
BGC0000081	JX679499	23360970;23633564;23844627
BGC0000082	EU301739	17985890
BGC0000083	GQ274954	25405956;17997563
BGC0000084	JQ793783	17342048
BGC0000085	AB088224	12791134;10954087;10767533;9836424
BGC0000086	AB449340	18710235;19129623
BGC0000087	FM173265	19025863
BGC0000088	AF141924	10334994
BGC0000089	AF141925	10334994
BGC0000090	EU827593	18800759
BGC0000091	KF711829	24575817
BGC0000092	AF263245	10972798
BGC0000093	FJ952082	12811466;20348291
BGC0000094	AF079138	9770448
BGC0000095	KC608848;KC608849;KC608850;KC608851;KC608852;KC608853;KC608854;KC608855;KC608856;KC608857;KC608858;KC608859;KC608860;KC608861;KC608862	23677034
BGC0000096	BD420675	CN1896226B
BGC0000097	FJ872525	19854930
BGC0000098	DQ176595	28559732;28070827;19968298;19693441;18578535
BGC0000099	HM070047	25335861
BGC0000100	AF440781	12940979
BGC0000101	BN001308;BN001301.1;BN001302.1	19448638;20139316;21351751;22730213;22909031;23848338
BGC0000102	AB089954	12583909
BGC0000103	BX649209	14736915
BGC0000104	HQ731031	21398490;4472552
BGC0000105	AF521085	12770825
BGC0000106	GQ452266	21614382
BGC0000107	BN001302	1465094
BGC0000108	HQ386234	21330439
BGC0000109	AB363939	3372359
BGC0000110	AM778535	17763486;19651421;24402879;11897600;5593974;11560371;20094652;23968564
BGC0000111	AB097904	15328113
BGC0000112	AY117439	15797213;17539640;18223152;18387946;19702337;20704329
BGC0000113	AF016585	9393718
BGC0000114	1154333182	17584617
BGC0000115	AF263912	10873841
BGC0000116	EU108007	19697072
BGC0000117	AB070940	11572948
BGC0000118	AB303063	17827660
BGC0000119	FJ392609.1	17827660;19670201;21513878;23521145;23744829
BGC0000120	KF899892	25120234;26582186;27913847;24334092;19383676
BGC0000121	KC145148	24302702
BGC0000122	KF739396	24677362;19040244
BGC0000123	AY354515	12819191
BGC0000124	HQ840721	22365607
BGC0000125	AJ278573	11094342
BGC0000126	AB435553	18997414
BGC0000127	AF081920	9434161;10094695;16269724
BGC0000128	AY394844	15033239;16581203
BGC0000129	CM000174	21899262;20225828;20804163;22344643;22902615;23330675;24121553
BGC0000130	EF140901	17158935
BGC0000131	EF140902	17158935
BGC0000132	EF140903	17158935
BGC0000133	JF970188	23102224
BGC0000134	EU520419	18567690
BGC0000135	AB568601	21642985
BGC0000136	AF040570	9512878;9497318;11278540
BGC0000137	CP000850	19474814;21815669
BGC0000138	AY442225	15123265
BGC0000140	GQ332353	20081823
BGC0000141	AJ871581	9387157;12889805
BGC0000142	CP000667	25329237
BGC0000143	DQ630728	18062184
BGC0000144	JN033543	22156425
BGC0000145	EF397502	19590008
BGC0000146	AB514562	20486243
BGC0000147	U24241	12039053
BGC0000148	AY007564	11358695
BGC0000149	AM407731	17317575
BGC0000150	CP000667	25329237
BGC0000151	AM238664	17074905;16956972
BGC0000152	U34740	8643646;7486998
BGC0000153	AJ421825	10320771
BGC0000154	EQ962655	22508998;23870699;24863423
BGC0000155	FJ943499;DQ186598;U68040;AF525909	8953776;20192833
BGC0000156	JN257714	21866960;7490206;7490207
BGC0000157	DQ983361	17379718
BGC0000158	EU035755	19191560;20426415;21276943;22339318
BGC0000159	EF990140	16707708;18708355;19281218
BGC0000160	CH476602	25265334
BGC0000161	CH476594	21236704
BGC0000162	EU443633	18586939
BGC0000163	FJ462704	8449312
BGC0000164	AB193609	18404760
BGC0000165	HQ011923.1	21186805;21633995
BGC0000166	U78289	18693734
BGC0000167	AB086653	15112997
BGC0000168	GU574477	20534346;22590971;24161266;19168978;23168407;23893651;25317739
BGC0000170	ACJE01000012	24684908
BGC0000171	FR878059	23438151
BGC0000172	AXBT01000013	24595070
BGC0000173	JX173632	22999884;20237660;4718704;18510943;10028245;1276139
BGC0000174	DQ889941	15556005;1725385
BGC0000175	JX014302	24815182;21139626
BGC0000176	AJ634062	16707694
BGC0000177	GQ274953	19726666;23394593;12002995;15700980
BGC0000178	HQ680975	21472917
BGC0000179	AM746676	18826315
BGC0000180	KM222819	23821465
BGC0000181	AJ634061	16707694;17704766;17844999
BGC0000182	AF318063	11495990;12770824;15583005;15726184;16039529;17383964;17713071;20013982;21318358;24625190
BGC0000183	GQ262808;GQ262809;GQ262810;GQ262811	21375709
BGC0000184	HM584908	20715267
BGC0000185	CP001614	24146831
BGC0000186	CP000085	22765305
BGC0000187	GQ926890.1	25489112
BGC0000188	DQ787200	18487408
BGC0000189	FN667741	24488732
BGC0000190	GU937384	20550125
BGC0000191	AB008466	12399480
BGC0000192	AF257324	12137949
BGC0000193	AF264025	11016846
BGC0000194	AL645882	12000953;8843436
BGC0000195	EU852062	18940666;22467789;22474343;23297194
BGC0000196	BX470251	22544021
BGC0000197	DQ915964.1	17357167;5433438;1335359;5478623;1322986;16713002;18553079
BGC0000198	NZ_AZXI01000002	24191063;19927167
BGC0000199	KF040454	24038656
BGC0000200	KF931341	24730509
BGC0000201	KJ396772	12384301;16079347;20466770;21393365;23081778;23373695;23763439;24265028;25219533
BGC0000202	GU134622	19928906
BGC0000203	HM055942	20443562
BGC0000204	AM501485	19047004;17691088;17625850;17439117;1429222;1429223;1468985;11092982
BGC0000205	DQ889942	17253852
BGC0000206	AJ786382;AJ786383	15911378;14529449;12384604;12107551
BGC0000207	AJ786383	15911378
BGC0000208	KC870000	24043447
BGC0000209	HM627755	23800859
BGC0000210	AJ578458	21342468;21244022;17768249;16391039;15255901;15112992
BGC0000211	FN565166	20140934
BGC0000212	GG770539	24191063
BGC0000213	KF850685	24838618
BGC0000214	DQ280500	16810496
BGC0000215	X62518	1644304
BGC0000216	JX262387	23024027
BGC0000217	L34880	7928998
BGC0000218	L35560	7828855
BGC0000219	AM900040	18310024
BGC0000220	AF254925	24162851;17704772;11137817;770404
BGC0000221	FJ719113	19621341
BGC0000222	AB469194	21102601
BGC0000223	HM193369	20690632
BGC0000224	AF525490	16305230;19620242;20926388
BGC0000225	AF058302	8181754
BGC0000226	AY233211	12822997
BGC0000227	AJ011500	2583128;7476861;9831526
BGC0000228	X16300	2583128
BGC0000229	KC962511	23782455
BGC0000230	AF509565	12323376;19175308;17625850
BGC0000231	X77865	8169211
BGC0000232	AB524586	20453135
BGC0000233	AY196994	15271354
BGC0000234	AF126429	7881555
BGC0000235	AGSW01000147	22536997
BGC0000236	AY228175	10.1021/ja00275a058
BGC0000237	EU147299	18070976
BGC0000238	EU147298	18070976
BGC0000239	AF080235.1	9933932;2358402;10397496;9621686;22454092;20583594;18537830;17786405;15123249;2358402;16283688;16039521;19352642;25581707;21513888;11755402;15977274;15515090
BGC0000240	KF731828	23649992;25045187;24383813
BGC0000241	CP000667	25329237
BGC0000242	AM492533	20399259
BGC0000243	AF263011	10858335
BGC0000244	AF263012	10858335
BGC0000245	AB103463	12855716
BGC0000246	AJ007932	8654997;9150235;10102355;11254130
BGC0000247	X89899	8654997;9150235;10102355;11254130;8807845;8654997;8757400;9150235;9375253;9733697;9882681;9889148;9917296;10102355;10660060;10760873;10652287;10779713;11254130;11853433;12022840;12733914;12813091;14660589;15712316
BGC0000248	AF098965	10206788
BGC0000249	AF323753	11683270
BGC0000250	AJ224512;AF187532;AF323753	12715874;11683270;10639368;9349712;8668120;22633415;22120896
BGC0000251	BD251846	JP2002528068A
BGC0000252	AF074603	10650222
BGC0000253	AJ632203	15368568;18988223
BGC0000254	DQ143963	16597959
BGC0000255	AY850690	15520376
BGC0000256	EF151801	25677666
BGC0000257	AB469822	19329986
BGC0000258	AJ833001	15528645
BGC0000259	AJ833002	15528645
BGC0000260	DQ266254	17381736
BGC0000261	AF293442	10931852
BGC0000262	AY034378	12654660;15515887;17654627;18291320
BGC0000263	FN565485	20140934
BGC0000264	AJ585192	14982421;17090047;17914826;19665022;8150707;812270;12440735;16580188
BGC0000265	U10405	8081500;775
BGC0000266	AF293355	26433383
BGC0000267	FJ670504	19384899
BGC0000268	AJ628018	17085966
BGC0000269	GQ409537	19908837;1577660;21965680;24022606
BGC0000270	AF322256	12115055
BGC0000271	AB070937	11572948
BGC0000272	AF293354	
BGC0000273	AM156932	16751529
BGC0000274	JX843821	23157252
BGC0000275	M80674	1548230;1592819;7982994;8244926;11851469;9609708
BGC0000276	AF164961.1;AF164960.1;AF269227.1;X87093.1	3818439;2925521;2753820;7592377;10658661;10662691;11094336;11410375;11927254;12022840;12512084;12696864;17434221;17640665;3839784;19265871
BGC0000277	AF164961	10658661
BGC0000278	AF269227	11094336
BGC0000279	GQ421798	22444597
BGC0000280	AF497760	15256586;12003942;10708392;15256586;19181839;23624246
BGC0000281	DQ083928	
BGC0000282	AP009493	24305602
BGC0000283	EF120454	17195255;19101977
BGC0000284	CP001157	16597676
BGC0000285	AY078067	12028378
BGC0000286	AB183750	15712669
BGC0000287	AE004091	12426334
BGC0000288	AB538860	20562876
BGC0000289	AJ561198.1	12837387;15664522;16007453;16499611;17044690;17935335;20414653;17873036
BGC0000290	U82965	9177243;12060705;16492565
BGC0000291	DQ118863	16208464
BGC0000292	CH476597	23586797
BGC0000293	DS027698	19001367;2
BGC0000294	AB101202	15289555
BGC0000295	AB661448	23378574
BGC0000296	HM038106	10212227;10780924;20304989
BGC0000297	AM071396	17524987;20863139;19201978
BGC0000298	FJ609416	20863139;17524987;18614525
BGC0000299	mibig:BGC0000299	25140825
BGC0000300	GG657746	21699219
BGC0000301	EF672686	21622740
BGC0000302	GU174493	20338518
BGC0000303	EU195114	17584616
BGC0000304	GQ331953	20233305
BGC0000305	AB107223	23169772;20460722;14522057
BGC0000306	ABYX02000001	21999343
BGC0000307	EU886741	19084058
BGC0000308	CP002120	23302043
BGC0000309	AL009126	20805502;12817086
BGC0000310	AF007865	9427658
BGC0000311	Y16952	10390204;11495926;12404385;11880037;11932455
BGC0000312	FJ439897	19285149
BGC0000313	EU886196	18804027
BGC0000314	NZ_AHCC01000002	23798442;25140825
BGC0000315	AL645882	12000953;8843436
BGC0000316	EF472579	17496129
BGC0000317	JPKY01000002;JPKY01000040	25291769;23135477
BGC0000318	JPKY01000040	
BGC0000319	DS570624	8088547;9515708;10223939;10681345;11319114;11882698;14693539;14742203;14982786;15342599;15793135;18388457;19011915;19941870;20711575;23104404
BGC0000320	DQ360825.1	15640177;16512902;16910662;17041058;20038713;19994891;19246763;22571587;8082824;10429194
BGC0000321	KF496217	24123808
BGC0000322	AJ223999;AJ223998	9545426
BGC0000323	KJ513093	23405865
BGC0000324	AL645882	12000953;8843436
BGC0000325	AL645882	12000953;8843436
BGC0000326	AF386507	11447274
BGC0000327	AM238664	17074905;16956972
BGC0000328	AY391839	14679222
BGC0000329	KF192265	25231335
BGC0000330	AM260480	22381697
BGC0000331	DQ837301	17921284
BGC0000332	DQ075244	17464052
BGC0000333	CP000850	19474814;21815669
BGC0000334	AOHE01000194	23818858
BGC0000335	KJ710244	24735013
BGC0000336	AY787762	15870461
BGC0000337	ADNJ02000010	22232661;3268274
BGC0000338	JX421684;JX421685	22998630;23451921;6235127;4613708
BGC0000339	AB211309	16799553
BGC0000340	KJ156360	24865933
BGC0000341	DQ403252	17005978
BGC0000342	Z18755	8483420
BGC0000343	GQ370384	19710707
BGC0000344	CT573326	20023108
BGC0000345	KF647220	24168704;2106503;10383134
BGC0000346	KF647219	24168704;1468981;10465562;10468620
BGC0000347	AM909652	18990191
BGC0000348	EF125025	17308187
BGC0000349	AM420293	22187221
BGC0000350	HQ609499	21875091
BGC0000351	AF034152	9720878
BGC0000352	CR543861	23456955
BGC0000353	AF082100	9780228
BGC0000354	AJ488769	15942003
BGC0000355	CM000174	21899262;20225828;20804163;22344643;22902615;23330675;24121553
BGC0000356	AB436628	8698635;16520651;9677311;18321710;17016657;16755625;18683158;19226505;19763315;23109474;23649274;24082142
BGC0000357	AM920431	5371403;24887561
BGC0000358	EU431181	
BGC0000359	CP000088	
BGC0000360	FN821996	20710026
BGC0000361	AY838877;AAHF01000001;AAHF01000006	24847038;25126990;25311525;25062268;24039048;22936680;21749092;21513890;20548963;20593880;18199036;17601876;17154540;16956378;16757745;15979823
BGC0000362	AF143772	14523113
BGC0000363	AM231612	17490474
BGC0000364	AM231618	17490474
BGC0000365	AY439015	16194230;16140533
BGC0000366	KC215181	23336063
BGC0000367	AP008955	
BGC0000368	FN545130	19915026
BGC0000369	KJ502174	24742428
BGC0000370	M98024;L48797;U73650;X92391;AF038874;AF157629;AF169478;KC866372	8672886;11860263;23865912;16839576
BGC0000371	AP008957	24274668
BGC0000372	CM000171	25386169;23360537;7760082
BGC0000373	CM000913	22435762;1472501;10223939;2207091;15644894;17317567
BGC0000374	HQ542230	21439483;23790494;10.1039/C2SC21722H;10.1002/anie.199000641
BGC0000375	JX499187	23053349
BGC0000376	AB902962	25041948
BGC0000377	JF828091	21520944
BGC0000378	EU074211	17940045
BGC0000379	HM756254	21640802
BGC0000380	HM639990	22278953
BGC0000381	AE017333	15383718
BGC0000382	KJ872771	25239907
BGC0000383	BX470251	22544021
BGC0000384	AY588942	107586;15366877;20000453;22314229;13880125;24839542;23751865
BGC0000385	JF412274	21609846
BGC0000386	CP000085	22765305
BGC0000387	DQ532441	17506328
BGC0000388	AY735112	16723579
BGC0000389	EU199080;EU199081	17993540;17241198;22792073;19447950;14660362
BGC0000391	JN634585	22362652
BGC0000392	CP001630	22578145
BGC0000393	CP000113	16835859
BGC0000394	JQ996389	23841701
BGC0000395	AY541063	
BGC0000396	JF342711	22456448
BGC0000397	AY167420	12515465
BGC0000398	JQ309921	24673852
BGC0000399	CP000076	8704959;10383985
BGC0000400	JX899679	24607714
BGC0000401	HQ668144	21883794
BGC0000402	CP003355	25044543;2508017
BGC0000403	JQ745271	22958453
BGC0000404	DQ192518	16713314
BGC0000405	EF601124	1368505;2129535;7597101;11180058;17548217;20851974;18820685
BGC0000406	X65195	15574905
BGC0000407	JQ073773	22614917
BGC0000408	EU371992	19304848
BGC0000409	HQ872605	25128200
BGC0000410	EF484930	
BGC0000411	DQ151887	16585751;18599835
BGC0000412	AF074705	9846750;11208777
BGC0000413	CP000076	8704959;10383985
BGC0000414	AB819321	24269153
BGC0000415	JN852959	
BGC0000416	FN667742	19682255;19598185;18491867
BGC0000417	CP000431	21381663
BGC0000418	KJ364518	25022591
BGC0000419	CP008953	25114137
BGC0000420	AM920436	25998659;26668029;26729047;23776469;24225953;22118684
BGC0000421	AY061859	15773985
BGC0000422	DQ838002	17981978
BGC0000423	FN554889	23752895
BGC0000424	CP002039	23320867
BGC0000425	JQ309920	24673852
BGC0000426	KF318360.1	25118351
BGC0000427	CP000117	20813918
BGC0000428	FJ768674	19270142
BGC0000429	JF430460	21456593;11480883
BGC0000430	CP007203	19691450
BGC0000431	DS999644	24149839
BGC0000432	AB684619	22820420
BGC0000433	AJ575642	14762003
BGC0000434	AB375771	19514719
BGC0000435	AE016853	17601782
BGC0000436	AJVM01000074	24727275
BGC0000437	CP000075	11277431;12744455
BGC0000438	AF286216	11277431;12744455
BGC0000439	KF301601	24449899
BGC0000440	AJ605139	14702401;15113000;16007453;17009278;17044690;25358800
BGC0000441	AJ632270	15113000
BGC0000442	BN001305	17369821;20828130
BGC0000443	HQ888764	21551032;22586093;22121884
BGC0000444	AY707081	22941045
BGC0000445	AM113472	16408310
BGC0000446	mibig:BGC0000446	25157164;28977734;28972161;29389112
BGC0000447	HE967327	24222604;22031037;17244491;15165142
BGC0000448	FJ768957	19270147
BGC0000449	KF111342	24382692
BGC0000450	AB366635	
BGC0000451	CP001614	24146831
BGC0000452	AP008955	
BGC0000453	DQ174261	16511823
BGC0000454	AM168450	17159203
BGC0000455	HQ679900	24884615
BGC0000456	AB862312;AB862313;AB862314;AB862315	24848421
BGC0000457	CP000138	16505379
BGC0000458	AY263398	12936980
BGC0000459	JX508597	23161816;24782066;24617259
BGC0000460	AE016796	24478763
BGC0000461	JN596952	21930890
BGC0000462	JN982332;JN982333	22544260
BGC0000463	KC297505;KC297506	23690965
BGC0000464	FO704550	24203528
BGC0000465	FN667742	19682255;19598185;18491867
BGC0000466	JF429418	22612591
BGC0000467	Y12527	9457855
BGC0000468	HE983629	19115340;6337880;7014241;10.1039/C2SC21183A
BGC0000469	JX235926	23021914
BGC0000470	JX827389	22984777
BGC0000471	CP003614	23911585
BGC0000472	FJ461733	20008171
BGC0000473	AM774406	18245249
BGC0000474	AM931579	18245249
BGC0000475	AY986476	15883371
BGC0000476	DQ869558	17086177
BGC0000477	EU290742	18425112
BGC0000478	EU290743	18425112
BGC0000479	HQ655154	21513887
BGC0000480	EU290741	18425112
BGC0000481	NZ_AABK04000003	16751554
BGC0000482	EU290744	18425112
BGC0000483	CAIH01000183	23911585
BGC0000484	GU552553	21251913
BGC0000485	Z34920	7551031
BGC0000486	AF076529	15162201
BGC0000487	EU624394	18552180
BGC0000488	AJ566621	14532033
BGC0000489	Y12234	9484890
BGC0000490	AMQS01000001	21057028
BGC0000491	AB007043	9648219;19114506
BGC0000492	AB462499	19139222
BGC0000493	AB649282	21948835
BGC0000494	DQ650653	17464077
BGC0000495	FJ547091	19400806
BGC0000496	AP009493	24305602
BGC0000497	DQ145752	16194596
BGC0000498	EU497962	19202107
BGC0000499	AF062647	10224011
BGC0000500	KF573751	24412962
BGC0000501	CP001700	22725258
BGC0000502	KJ000001	24532070
BGC0000503	AJ536588	12642677;21770392
BGC0000504	L37110	7961506
BGC0000505	AB600897	22138996
BGC0000506	HQ871873	21239550;25381239
BGC0000507	Y14023	9726851
BGC0000508	X62386	1740156;841
BGC0000509	JQ979180	24866416;21802007;22524291
BGC0000510	U20348	7607233
BGC0000511	AF233755	11872722;25381239
BGC0000513	AM420293.1	22556031
BGC0000514	DQ367437	17194841
BGC0000515	CP000557	22431611;24169799
BGC0000516	ABVH01000020	22431611
BGC0000517	BA000004.3	17085596;17233677;18940665;19678697;22003874
BGC0000518	GG657757	24802639
BGC0000519	FN178622.1	20082397
BGC0000520	AF167432	9464377;10608807;10658659;10974102;11251818;16751576;15023056;18791001;23433070;21827422;20616009
BGC0000521	U91581	8017945;9361411;10960114;10986268
BGC0000522	AB740019	23103973
BGC0000523	Z54312	7521995;7961627;9079878;10832642;11823212
BGC0000525	GU949560	20578714
BGC0000526	DQ835394	12450808;17581139;20023075
BGC0000527	AJ250862	10831439;2181159
BGC0000528	AM711867	16957199
BGC0000529	HM536998	20628010;24459268;24422756;21478362;24627484
BGC0000530	AHSM01000014	9237644
BGC0000531	AF238860	10919773
BGC0000532	U40620	8021218;8592997;9461412
BGC0000533	AF154675	10473390
BGC0000534	EF060238	17464078
BGC0000535	HM219853	21183019
BGC0000536	AB362350	19120645
BGC0000537	DQ146939	16461661
BGC0000538	Z18947	1482192;7626780
BGC0000539	AB121757	11193411;16233732;15322349
BGC0000540	JQ728481	17071789
BGC0000541	JX679672	23167271
BGC0000542	KF111343	24382692
BGC0000543	Z49865	7556197
BGC0000544	HF570921	23475977;23776227;19301921;22083835;17469849
BGC0000545	AJ276653	11741840
BGC0000546	NZ_DS999645	21983601
BGC0000547	GQ857551	21310787
BGC0000548	AY005472	8357242;114
BGC0000549	JN564797	22101034
BGC0000550	JN831266	22567013
BGC0000551	AL645882	12000953;8843436
BGC0000552	AB179778	15673730
BGC0000553	NZ_DS999644	21983601
BGC0000554	NZ_DS999644	21983601
BGC0000555	AP003088	10417203
BGC0000556	AB030831	11328600
BGC0000557	AF026542	8328813;104
BGC0000558	AF014938	9722542
BGC0000559	U09819	195183;178855;201261;201725;202094;11972779;12622817;12705882;25381239;8439156;1539969;8085823
BGC0000560	JX912247	23736764;21985154
BGC0000561	AB434921	19191960
BGC0000562	X93303	8633879
BGC0000563	HQ328852	20351769;21229987
BGC0000564	AM412317	20581111;21315972
BGC0000565	AB205012	16339937
BGC0000566	AE004092	10858242;15819624;18375757;19286651;21822292;22001374
BGC0000567	L06719	8509324
BGC0000568	FM877811	19413755
BGC0000569	FN668567	20971906;21950656;21568297;23823732;23878226;24085393
BGC0000570	CP002395	22949633
BGC0000571	FR687359	23897438
BGC0000572	CP004117	18671394
BGC0000573	CP000928	23897438
BGC0000574	CP002008	23214991
BGC0000575	AB593691	22388571
BGC0000576	AP012320	23897438
BGC0000577	AP010805	23897438
BGC0000578	NZ_DS999644	21983601
BGC0000579	NZ_CM000951	21983601
BGC0000580	AEQX01000392	24446383
BGC0000581	AF061787	8655570;10198038
BGC0000582	HQ148718	20805503;22841713;7802859
BGC0000583	NC_010572	21421760
BGC0000584	AJ223631	7952189
BGC0000585	X57583	8522520
BGC0000586	AF063590	9864332;11679081
BGC0000587	AJ009631	9783429;10471561;11181394;12499189;15047525
BGC0000588	AY237108	12897830;147422
BGC0000589	AJ586887	12949180
BGC0000590	FJ895580	20979348
BGC0000591	AB011418	9972273
BGC0000592	AM943877	18683268;22118675
BGC0000593	AM943878	18683268;12956505
BGC0000594	EU438895	19035375
BGC0000595	NC_003888	21983601
BGC0000596	NZ_GG657756	21983601
BGC0000597	NZ_GG753626	21983601
BGC0000598	JX456532	22983711;24476823;20795624;21124508;15631460
BGC0000599	HQ446454	20435915
BGC0000600	FJ977580	19732155
BGC0000601	AL009126	20805502;12817086
BGC0000602	AJ430547	15066831
BGC0000603	FJ472825	24937678;24769844;20154110;2071486
BGC0000604	FJ461359	19338336
BGC0000605	JN052143	21788474
BGC0000606	AB820694	24768308
BGC0000607	KM613043	25313391
BGC0000608	HM236314	21107653
BGC0000609	GU564398	20473441
BGC0000610	FJ438820	19678698
BGC0000611	FJ436355	19246004
BGC0000612	AE016877	19196969;19246004
BGC0000613	FJ461360	19338336
BGC0000614	FJ652572	19265401
BGC0000615	HM467197	20562278
BGC0000616	CP000560	14762003;17704766
BGC0000617	AF300457	11097892
BGC0000618	CP003583	8633865
BGC0000619	AB710328	11129595
BGC0000620	AB712393	23103973
BGC0000621	M18346	2643580
BGC0000622	EU014074	18689470
BGC0000623	AY007251	11238971
BGC0000624	EF592482	19591924
BGC0000625	AB819757	23995943
BGC0000626	KJ504104	24821187
BGC0000627	EQ963480	24391870;24841822;26842395;27166860
BGC0000628	ACGO02000004	25215495
BGC0000629	AY559849;AM921700	15528556;19801473
BGC0000630	AY957386	16434154
BGC0000631	CP009816.1	19035644;15986930
BGC0000632	AB264550	18503195
BGC0000633	AB070934	11572948
BGC0000634	AB181388	16085816
BGC0000635	AB206672	7733978;7592436
BGC0000636	AF139916	10821176
BGC0000637	AF159510	11432736
BGC0000638	D90087	2254247
BGC0000639	DQ090833	16332796
BGC0000640	DQ090834	16332796
BGC0000641	DQ090835	16332796
BGC0000642	DQ090836	16332796
BGC0000643	DQ309446	16781830
BGC0000644	DQ369754	17008032
BGC0000645	FJ040212	18820900
BGC0000646	FJ151553	19146479
BGC0000647	S71770	8021167
BGC0000648	Z21955	7588751;11748235;11914353;18315685
BGC0000649	AF272737	11200234
BGC0000650	DQ286432	16625353
BGC0000651	AB307968	18071268
BGC0000652	EF397639	17392281
BGC0000653	HQ292065	21284395
BGC0000654	DQ230532	16632249;18157854;20540056;21179045;21685164;24861595
BGC0000655	FJ436355	19246004
BGC0000656	AF408848	12189420
BGC0000657	HQ830028	21490938
BGC0000658	AP009493	24305602
BGC0000659	AM420293	22187221
BGC0000660	AL645882	12000953;8843436
BGC0000661	CP001037	19482954;21742508;18954141;17351042;19780555;19429608;21742508;19630972;21501195;21786790;12388673;1508978;11926312;8405307
BGC0000662	AP009493	24305602
BGC0000663	AL645882	12000953;8843436
BGC0000664	AP009493	24305602
BGC0000665	HE815466	22591327;22968942;23205935
BGC0000666	JQ812811.1	22591327;23205935
BGC0000667	HG792016	24239699;27921136
BGC0000668	KF811479	24677572;25218740
BGC0000669	NC_003076	21876149;22882494
BGC0000670	NC_003076.8	18356490
BGC0000671	AP008210	17872948
BGC0000672	AP008208	21985968
BGC0000673	BN001307	22506079;27098256
BGC0000674	DS570637	21276937
BGC0000675	DS570654	21276937
BGC0000676	AB114137	14745177
BGC0000677	AB448947	19635410;1474002;1335449;25689152
BGC0000678	BA000030	20536237
BGC0000679	KK037233	18722414
BGC0000680	BN001305;BN001308	17369821;20828130
BGC0000682	CH476609	23116177
BGC0000683	BA000030	20536237
BGC0000684	BN001301	18978088
BGC0000685	ACIW01000469	19097780
BGC0000686	CM000172	22492455;23592999
BGC0000687	AB254158	18391465
BGC0000688	AB254160	18391465
BGC0000689	AJ575934	14757238
BGC0000690	AJ006985	8628239
BGC0000691	Y18523	10196166;11443082;11937512;12681481;15808935
BGC0000692	AJ875019	
BGC0000693	AB097196	11132962;16156513
BGC0000694	AJ781030	
BGC0000695	AJ628421	
BGC0000696	AJ628149	
BGC0000697	AY524043	
BGC0000698	DQ314862	16873023
BGC0000699	AJ628642	
BGC0000700	AJ845083	
BGC0000701	DQ160226	16680521
BGC0000702	AB164642	15303497
BGC0000703	AB254080	16766657
BGC0000704	AJ582817	15313224
BGC0000705	AJ628422	
BGC0000706	AB254081	16766657
BGC0000707	AB005901	9589071
BGC0000708	AJ748832	
BGC0000709	AJ629247	
BGC0000710	AJ786317	
BGC0000711	AJ843080	15827636
BGC0000712	AJ628955	
BGC0000713	AJ748131	16258246
BGC0000714	FJ160413	19039528
BGC0000715	EU255259	10650224;18663525
BGC0000716	U70376	9245803
BGC0000717	AJ862840	
BGC0000718	Y08763	9238101
BGC0000719	AB103327	16915821
BGC0000720	AJ579650	14757238
BGC0000721	AJ810851	
BGC0000722	DQ164098.1	16632251;16151088;17335096;18563934;19477421
BGC0000723	DQ223652	16725283
BGC0000724	AP009493	24305602
BGC0000725	AY163384	
BGC0000726	AY279078	
BGC0000727	FJ479754	
BGC0000728	AB289645	17599305
BGC0000729	AB289646	17599305
BGC0000730	AB289647	17599305
BGC0000731	AB289648	17599305
BGC0000732	AB289649	17599305
BGC0000733	AB289650	17599305
BGC0000734	AF067175	9770287
BGC0000735	AF169324	10699509
BGC0000736	AF170495	11401986
BGC0000737	AF302465	11230405
BGC0000738	AF302466	11230405
BGC0000739	AF302467	11230405
BGC0000740	AF332893	11773119
BGC0000741	AF332896	11773119
BGC0000742	AF332901	11773119
BGC0000743	AF332902	11773119
BGC0000744	AF363055	11773119
BGC0000745	AF363056	11773119
BGC0000746	AF363057	11773119
BGC0000747	AF363058	11773119
BGC0000748	AF363059	11773119
BGC0000749	AF503612	12581358
BGC0000750	AY357726	
BGC0000751	AY496881	18215476
BGC0000752	AY534316	18215476
BGC0000753	AY534317	18215476
BGC0000754	FJ965540	20362405
BGC0000755	FJ965541	20362405
BGC0000756	FJ965542	20362405
BGC0000757	FJ965543	20362405
BGC0000758	U10927	7961465;12057957
BGC0000759	EU026118	18210176
BGC0000760	AJ243431	
BGC0000761	AB062506	12624205
BGC0000762	AF028810	9914965
BGC0000763	AF077292	
BGC0000764	AY741550	16269783
BGC0000765	EF138833	17142402
BGC0000766	EF138834	17142402
BGC0000767	EF138835	17142402
BGC0000768	AY217008	14767675;15741740;16085866;11513745;18506441
BGC0000769	AY130970	12458173
BGC0000770	AY297047	
BGC0000771	AY644679	
BGC0000772	AF047478	9784561
BGC0000773	AF125322	7677991;7559340;8971705;9004408;9620955;10517601
BGC0000774	AF204145	18304669;11589581;8253667;1370280
BGC0000775	AJ007311	
BGC0000776	AJ426044	12374825
BGC0000777	AJ426045	12374825
BGC0000778	EU296246	18310345
BGC0000779	EU296247	18310345
BGC0000780	AB353134	18557895
BGC0000781	AF035937	10627048
BGC0000782	AF064070	9988483
BGC0000783	AF337647	11763133;15473911
BGC0000784	AF498400	12057956
BGC0000785	AY028370	
BGC0000786	AY057452	12777482
BGC0000787	AY493508	
BGC0000788	AY730594	11238967;15375135
BGC0000789	DQ220292	17072668
BGC0000790	EF027106	
BGC0000791	EU076545	18441119
BGC0000792	AF071085	9712783
BGC0000793	AF511116	
BGC0000794	AF328862	11741945;15316277;15073305;17202151;17237178;18515358;18336801
BGC0000795	AY442352	11096116;12740380;15316277;15044388;18336801
BGC0000796	HM011508	19304819;20200052
BGC0000797	U51197	8626338
BGC0000798	CM000760	21707799
BGC0000799	U38473	8759852
BGC0000800	U22511	9763683
BGC0000801	Z79692	9023225
BGC0000802	AJ225561	8544814;11902715
BGC0000803	FJ428614	19346339
BGC0000804	AHGS01000039	22691180
BGC0000805	DQ988994;DQ988993	17379141;19640006;24164498;22505780
BGC0000806	KJ125437	24584498
BGC0000807	CP001778	24584498
BGC0000808	CP000869;CP000869	14637140;19948863;17184737;15995219;17114319;23460819;22919582
BGC0000809	DQ297453	16873021
BGC0000810	CM000780	11851909;12620350;18192444
BGC0000811	AAHF01000001	15933009;15870460;16397874
BGC0000812	KF915812	24503982
BGC0000813	DQ399653	17396254
BGC0000814	FJ031030	19756308
BGC0000815	AY723749	12135580;15654104;18655839
BGC0000816	JQ708193.1	23213353
BGC0000817	KF551863	24648189
BGC0000818	JQ708194	23213353
BGC0000819	JQ708195	23213353
BGC0000820	KF201694	24227628
BGC0000821	AB090952	15743957
BGC0000822	AJ414559	11983340
BGC0000823	AB071405	12617516;12619684;14763561
BGC0000824	CP001037;CP001037	19482954;21742508;18954141;17351042;19780555;19429608;21742508;19630972;21501195;21786790;12388673;1508978;11926312;8405307
BGC0000825	AB088119	12617516;12619684;16195595
BGC0000826	CM000914	10681345;15342599;17317567;23104404;14982786;22751548;14742203;18931110
BGC0000827	CP000850	19474814;21815669
BGC0000828	AB032799	
BGC0000829	AF172851	21779844;21253897;20490411;19962399;18949702;18177311;17925955;17176066;17011197;16874749;15100990;11596879;11418029;11075927;10803951
BGC0000830	AF367409	
BGC0000831	GQ266676	
BGC0000832	AF329398	12480894;12604514;12670542;15977275;15870333;15723521;12904558;12898629;12777382;17464055;17308937;17077503;16849806;16834331;16276503;17580964;24407645;21890635;20946900
BGC0000833	AF235050	14285468;14285469;5396481;12368465;11036020;15554710;14993313;15123279;14622269;12604514;12436260;16834331;16274243;15723521;18288655;17584615;17580964;23652970;21953874
BGC0000834	AF170880	10770754;10801869;12436260;12736771;14694473;17139092;15942002;15870333;15752721;24407644;19762445;18568336;18997325;19857499;17329822;16514445;16411240;16274243;16171397;14694473;12876368;12680772;11325587;13355385;13355386;19557032;24543916
BGC0000835	AF321122	12115055
BGC0000836	AE014075	25036635
BGC0000837	CP000020	25036635
BGC0000838	CP000685	19717629
BGC0000839	CP001699	24467333;16957125;4217145
BGC0000840	AY010120	12057948
BGC0000841	CM000914	10681345;15342599;17317567;23104404;14982786;22751548;14742203;18931110
BGC0000842	KF042303	24420617
BGC0000843	CM000913	22435762;1472501;10223939;2207091;15644894;17317567
BGC0000844	AY258009	14693539
BGC0000845	DS570624	8088547;9515708;10223939;10681345;11319114;11882698;14693539;14742203;14982786;15342599;15793135;18388457;19011915;19941870;20711575;23104404
BGC0000846	DQ187985	
BGC0000847	AJ421798	12725858
BGC0000848	AP009493	24305602
BGC0000849	AL645882	12000953;8843436
BGC0000850	FJ821515	19465647
BGC0000851	AY129235	
BGC0000852	AF316874	11823218
BGC0000853	AY524544	15128576
BGC0000854	DQ016501	16283251
BGC0000855	DQ238213	
BGC0000856	EU315062	
BGC0000857	EU315063	19897647
BGC0000858	EU523734	
BGC0000859	EU523735	
BGC0000860	GU249592	
BGC0000861	EU719604	19809243
BGC0000862	U73935	9274025
BGC0000863	DQ469875	
BGC0000864	AB025342	
BGC0000865	AF409100	12055309
BGC0000866	AF153086	10803903
BGC0000867	AF307334	14715006
BGC0000868	AF015609	10048024
BGC0000869	KC489223	23898213
BGC0000870	AL123456	9831524
BGC0000871	CP000113	16835859
BGC0000872	AB530986	20043306
BGC0000873	X84374	7737149;9128724;12423351
BGC0000874	AY196214	12964155
BGC0000875	FJ490409;HM051054;GU323955	19351877;20039253;19351877;20157116;20418426;20578003;16060385;23912167
BGC0000876	AJ250581	10712601;11212921
BGC0000877	EU158805	19233844;19383687
BGC0000878	X92429	8576156
BGC0000879	EU573979	18721750
BGC0000880	HQ172897	22717438
BGC0000881	JX576291	
BGC0000882	JN999998	18412191
BGC0000883	KC181124	24907335
BGC0000884	FJ788104	20190091
BGC0000885	AB530136	20676084;21
BGC0000886	GU067679	20194504
BGC0000887	DQ787201	19331657;24460188
BGC0000888	GQ889493	20070370
BGC0000889	AB689797	
BGC0000890	KF540211	24974229;19122661;24446431;7600609
BGC0000891	AUSV01000133	24974229;19122661;24446431;7600609
BGC0000892	CP002599	24898429;24588891;8544177
BGC0000893	FR845719	11577160;25267678;20876130;15184904;20713732;24347692;19255478;14702400
BGC0000894	EU309474	21956130
BGC0000895	X99978	9098069;10852872;15864550
BGC0000896	AB516431	20086163
BGC0000897	GU199252	20416511
BGC0000898	AF079762	9770448
BGC0000899	AF521878	
BGC0000900	BD306272	
BGC0000901	DJ389528	
BGC0000902	AM420293	22187221
BGC0000903	AM055586	16720268
BGC0000904	DQ267750	18721747
BGC0000905	EU052681	17906152
BGC0000906	EU068732	16914272;17906152
BGC0000907	EU124663	19085073
BGC0000908	AB070938	11572948
BGC0000909	AB070939	11572948
BGC0000910	AL645882	12000953;8843436
BGC0000911	AP009493	24305602
BGC0000912	AP009493	24305602
BGC0000913	EU606203	18811645
BGC0000914	AL589148	19054329;18988741;12000953;9573173
BGC0000915	AF127374	10099135
BGC0000916	AF109295	9675851
BGC0000917	AF128444	
BGC0000918	AB070935	11572948
BGC0000919	U27310	9353942;17237165
BGC0000920	DQ486135	17016742
BGC0000921	GU211010	22035801
BGC0000922	AE004091	12426334
BGC0000923	AF002222	10383985;18689486;18824174
BGC0000924	EU188755	19889032
BGC0000925	AY271621	15066027
BGC0000926	FJ935779	20142038
BGC0000927	HE971709;HE971709	23043000
BGC0000928	DQ787200	18487408
BGC0000929	EF587764	
BGC0000930	AF336365	11425709;11976083
BGC0000931	AF336366	11425709;11976083
BGC0000932	CP002977	24723119
BGC0000933	KF313919	24919072
BGC0000934	KJ207079	24617951;17103476;17474781;17543953
BGC0000935	JF417969.1	22999880
BGC0000936	AF005404	11591691
BGC0000937	KF386865	24297932;24
BGC0000938	EU924263	17113999;17220970;4605290
BGC0000939	AB199785	16809025
BGC0000940	AL645882	12000953;8843436
BGC0000941	AP009493	24305602
BGC0000942	AE016879	14756782;3346087;1855748
BGC0000943	CP000253	19138128;19400778
BGC0000944	CP000253	19138128;19400778
BGC0000945	NC_002505;NC_002505	9371453
BGC0000946	AB082123	14617658
BGC0000947	DQ201184	17593352
BGC0000948	CR626927	23874157
BGC0000949	AB476988	19478828
BGC0000950	HQ287563	21290549;8040059;24115404;2498274;8517724
BGC0000951	HM855229	20826445
BGC0000952	FR681999.1;FR682000.1;FR682001.1	21342465
BGC0000953	HM748814	22267658;22587000;23919735
BGC0000954	AM946600	20432424
BGC0000955	FR831800	21626639;4917791;6809724
BGC0000956	AY192157	15066985;16910643;17653193;18652473;18768797;21561099
BGC0000957	KF813023	
BGC0000958	NZ_FR873698	21857911;22378565;22861048;22971101;23772837;24123503;25275920;24367419;11175751;13836892
BGC0000959	BN001305	17369821;20828130
BGC0000960	EU240558	18635006
BGC0000961	CP000085	22765305
BGC0000962	AF516145	12383521
BGC0000963	AF210249	10421758;11048953;10930733;11451672;12911315;12911314;18697737;21210656;22831455
BGC0000964	CP000086	23055407;22765305
BGC0000965	AY048670	12183628;10639366;12785829;14580219;14987060;16104723;16887797;17234789;17516659;17887753;18052279;18182490;18426211;19246381;19817865;19856960;20551990;21250756;22519717
BGC0000966	JF419316	22591508
BGC0000967	AB933566	24974231;20161975;11671610;11927256
BGC0000968	AM779763	17636916;3611317
BGC0000969	AM179409	16793524
BGC0000970	AM988861	19171307
BGC0000971	FR687018	21387511
BGC0000972	AM229678	16902142;17714479;23406518;23744512;24932672
BGC0000973	HE575208	22444595
BGC0000974	FN547928	24981773
BGC0000975	EF159954	17240975
BGC0000976	HQ696500	15332855;10482399;10496976;9443933;7565634;16834357;17928301;19835378;20660778;21387490;21357626;22103656;22991895
BGC0000977	AB506492	21608094
BGC0000978	EU140798	18065631
BGC0000979	GQ385959	20430808
BGC0000980	GQ385960	20430808
BGC0000981	GQ385961	20430808
BGC0000982	AY834753	16041144
BGC0000983	DS027057	21983160;10900214
BGC0000984	CP000884	23377039
BGC0000985	CP003239	22458477
BGC0000986	BN001209	18721748
BGC0000988	AF210843	10662695
BGC0000989	EU414841	23549746
BGC0000990	GU063811	
BGC0000991	AF217189	10649995;10831849
BGC0000992	AY700570	15724180;24
BGC0000993	EF210776	17400765;19549597;21183645;21183648;24553401
BGC0000994	AF235504	10863099
BGC0000995	HM047288	21291275
BGC0000996	GG657742;GU722189	20547882
BGC0000997	AM412319	17564599
BGC0000998	JX545234	23030602
BGC0000999	EF028635	17074795
BGC0001000	AY974560	18001088;12088429
BGC0001001	AY522504	21393570;19951434;19494914;16460000
BGC0001002	AB920328	24756819
BGC0001003	DQ176871.1	16723573;19585113;23692164;24169801;4628181
BGC0001004	KC013978	23868295;23432710;21897400
BGC0001005	KF866134	
BGC0001006	CP000667	25329237
BGC0001007	CP000850	19474814;21815669
BGC0001008	AY271660	17918933;18223152;20534556;20718468
BGC0001009	AJ557546	14583260
BGC0001010	AJ557546	14583260
BGC0001011	DQ351275	16806745
BGC0001012	DQ885223	17159202
BGC0001013	DL080157	
BGC0001014	AL646052	21724891;23790487;24202877
BGC0001015	AJ441056	12511503
BGC0001016	AY212249	14766543;17163649
BGC0001017	AF183408.1	11033079;12713441;15528494;17142460;17163649;27105282;28570054
BGC0001018	AB481215	21212071
BGC0001019	KF657738	24124771
BGC0001020	HQ257512	21180767
BGC0001021	AL123456	9831524
BGC0001022	AF319998	11182319
BGC0001023	AJ698723	15651040
BGC0001024	AF188287	10601310
BGC0001025	CP000113	16835859
BGC0001026	GQ176852	20355253
BGC0001027	AP006618	21097631
BGC0001028	AF204805	12853152
BGC0001029	JF430079	21948844
BGC0001030	AY557343	16156116
BGC0001031	JX315603	23012376
BGC0001032	JX315604	23012376
BGC0001033	CP003355	25044543;2508017
BGC0001034	HE616533	22488911
BGC0001035	KE145356.1	23688303;25879325;25527531;25270390;27494047
BGC0001036	KF386858	24506891
BGC0001037	CM000176	23488861;24568283;9177176
BGC0001038	JX424761	23607523;12195964
BGC0001039	HM436809	21454714
BGC0001040	X86780	7644502;8635730;8635756
BGC0001041	CP000667	25329237
BGC0001042	FJ809786	21416665
BGC0001043	AP009493	24305602
BGC0001044	AY553235	15387811
BGC0001045	JQ045344	24973954
BGC0001046	FN433113	19875077;21398531;21665968;22569159;22726958;22820841
BGC0001047	AJ548826	14714872
BGC0001048	EF032505	17216057;19189972;25299801;21210656;20094654;20049429
BGC0001049	AM409327	21899331;21675761;20575135;19067514;17216664;18266306
BGC0001050	KC181865	17373804;23270364
BGC0001051	GQ981380	20416506
BGC0001052	GU385216	20127927
BGC0001053	AJ620477	15324808
BGC0001054	FN667742	19682255;19598185;18491867
BGC0001055	AM236324	17049458
BGC0001056	HE995400	23349809;17258895;16997989;25452285;10.1039/C4SC01927J
BGC0001057	DQ019316;HG970333	16262793;16751498;19159310;21833740;26036360
BGC0001058	EU670723	17311457;19081934;21210656;22831455
BGC0001059	FJ430564	8763956;10521664;14711631;19098220
BGC0001060	EF552206	18328078
BGC0001061	FJ483966.1	9531983;9531984;10344562;19266534
BGC0001062	FJ915123	19680283
BGC0001063	AL645882	12000953;8843436
BGC0001064	JX477167	23106426
BGC0001065	JN671974	22247174
BGC0001066	AM992894	18972512
BGC0001067	CM000176	23488861;24568283;9177176
BGC0001068	FW556769	21224862
BGC0001069	DQ065771	16313990
BGC0001070	AM746336	4554808;4373734;18291322;21513880;19609288;21401713;23828654
BGC0001071	GQ979609	23898213
BGC0001072	AF324838.2	24594357;22867097;22214346;21890635;21835774;15728908;12115055;12014451;12014446;11959542;11780784;21354180;21890635;21835774;19460097;19965760;19858260;19652356;19273673;19132295;15812631;11079799;15779922;25861759
BGC0001073	JN038178	23790490
BGC0001074	JJOH01000002	24970824
BGC0001075	AB694012	23677853
BGC0001076	GU219978	20039253;8807054
BGC0001077	AP012319	21264995
BGC0001078	AB212624	16452404
BGC0001079	EF397638.1	17392281;21384874
BGC0001080	FN178498	22509222;19339241;12458769;12458768
BGC0001081	AY742903;DQ443465	16765617;15991026
BGC0001082	HM171111	11169115;16494875;17428785;19529962;23949005;23311903;23525886;23886345
BGC0001083	JX186999	22784372
BGC0001084	HM622670	20722388
BGC0001085	AB937114	24992358
BGC0001086	KF724895;KF724896	25193422
BGC0001087	CP000667;CP000667;CP000667;CP000667	25329237
BGC0001088	AJ586576	15077674
BGC0001089	AJ634060	16707694;17704766;17886826;20087918
BGC0001090	CP000560	14762003;17704766
BGC0001091	HM071004	20503218
BGC0001092	CP003468;CP003468	23850282
BGC0001093	DQ013294	16084035
BGC0001094	CP000442	21609847
BGC0001095	CP000560	14762003;17704766
BGC0001096	HM047288	21291275
BGC0001098	AB050629	11591669
BGC0001099	GU479979	20189105;21035728
BGC0001100	AB088224	12791134;10954087;10767533;9836424
BGC0001101	AF484556	12446651;12598647;15112993;17502372;21192727
BGC0001102	CP000085	22765305
BGC0001103	AF184956	10557314
BGC0001104	CP000113	16835859
BGC0001105	AY688304	15520376;24476823;20464003;15958059;10.1016/S0040-4020(01)86585-6;10.1016/S0040-4020(99)00841-8;10.1021/ja00222a068
BGC0001106	EF552687	16707707
BGC0001107	JX033584;JX033585;JX033586;JX033587;JX033588	23185008
BGC0001108	AY328023	12381784;24307486;19206228;15958059;15598566;20464003;10.1016/S0040-4039(01)96058-7;10.1016/S0040-4039(00)75458-X;10.1016/S0040-4039(01)89729-X;10.1016/0005-2787(71)90665-4
BGC0001109	DD161836	
BGC0001110	FJ823461	19448639;15176791;23088155;24105772;25529827;23212972;14971894
BGC0001111	FR854394	22278953
BGC0001112	AM411073	17154220;19266509;22915379;24048471;25214315
BGC0001113	KJ461964	25097259
BGC0001114	JX307851	23517093
BGC0001115	FN689524	21483852
BGC0001116	AB283030	17350183
BGC0001117	FR823394	
BGC0001118	CM000172	22492455;23592999
BGC0001119	HF563079.1	24867126;24768719;21308920;21506215
BGC0001120	CP000086	23055407;22765305
BGC0001121	BN001302.1	19666480;20174687
BGC0001122	CH476594	21236704
BGC0001123	AP007154	25302411
BGC0001124	ACJE01000019	
BGC0001125	KM078884	25369527
BGC0001126	KF664586.1	24180436
BGC0001127	HE967328	23161559
BGC0001128	BX470251	22544021
BGC0001129	mibig:BGC0001129	24816640
BGC0001130	mibig:BGC0001130	24532262
BGC0001131	mibig:BGC0001131	24816640
BGC0001132	FN667742	19682255;19598185;18491867
BGC0001133	FN667741	24488732
BGC0001134	NC_005126.1	23851573
BGC0001135	JX424818	22873683
BGC0001136	HM243222.1	21899331
BGC0001137	KC541560	23913777
BGC0001138	JN651966	22064543
BGC0001140	FJ655920.1	19164156;20232845;21825154;23157615;23361357
BGC0001141	KJ728786	24845309;2426273;3192548
BGC0001142	HQ591508	21299212
BGC0001143	ACJE01000001	22921072
BGC0001144	GG698521	
BGC0001145	NZ_AORZ01000028	24937678;21885289;17010619
BGC0001146	KJ651958	24937678
BGC0001147	KJ634466;KJ634467	25415678
BGC0001148	AB896796	
BGC0001149	CBLV010000330	24436210
BGC0001150	KM923741	25537663
BGC0001151	JN705801	22435762
BGC0001152	EF451155	17400768;18291316
BGC0001153	JN660148	22195566
BGC0001154	CP001700	22725258
BGC0001155	KF366381	23932526;24598591;19338336
BGC0001156	GQ398492	20232845;21825154;23157615
BGC0001157	FN554889	23752895
BGC0001158	HE802550;HE802545;HE802546;HE802547;HE802549;HE802548	23308280
BGC0001159	JX157625	22800473
BGC0001160	CP000951	24475038;21531827;25063658;22991895
BGC0001161	KF550301	24475038
BGC0001162	KF550302	24475038
BGC0001163	GL890825	24475038
BGC0001164	CP002198	24475038
BGC0001165	AY652953	15332855;10482399;10496976;9443933;7565634;16834357;17928301;19835378;20660778;21387490;21357626;22103656;22991895
BGC0001166	KC862269	23865912
BGC0001167	JQ951924	22952627
BGC0001168	CM001889	23709624
BGC0001169	KF874660.1	24409990
BGC0001170	NZ_DS981518.1	18375757;19286651;20581111;21822292
BGC0001171	AE017262	18375757;18787690;19286651;21075895;21822292;24606727
BGC0001172	KF585133	24246014;23405849
BGC0001173	NZ_ABRX01000001	21950656;23878226;24085393
BGC0001174	CP004085	21950656
BGC0001176	JROO01000009	25601074
BGC0001177	KJ437437.1	22162248;24554499
BGC0001178	KF192710.1	25255985
BGC0001179	KJ437438.1	22162248;6209258;1473997
BGC0001180	BX470251;BX470251;BX470251;BX470251	22544021
BGC0001181	AL645882	12000953;8843436
BGC0001182	NT_165976	17636916;3611317
BGC0001183	JX306680	
BGC0001184	CP000560.1	19061923;25261512;26268540
BGC0001185	CP000560.1	18957859
BGC0001186	KR857273	
BGC0001187	KM603664	26081635
BGC0001188	NZ_KN708638	26256511
BGC0001189	CU633750	22972004
BGC0001190	CM000580	25372119
BGC0001191	KP995196	25855790
BGC0001192	KP262070	25609230
BGC0001193	KM114209	25353334
BGC0001194	LC008143	25786909
BGC0001195	KP339942	25755076
BGC0001196	KP769807	25747118
BGC0001197	CP000820	25837682
BGC0001198	CP000875	25694050
BGC0001199	BBOM01000011	25603349
BGC0001200	BBOM01000004	25603349
BGC0001201	AM746676	18826315
BGC0001202	KP830093	25831524
BGC0001203	KP830094	25831524
BGC0001204	LC006086	25551461
BGC0001205	JQFY01000175	26963294;25571861
BGC0001206	KM596502	25730866
BGC0001207	KP006601	25561178
BGC0001208	CP004045.1	25761208
BGC0001209	CP000419	25901822
BGC0001210	CM000745	25769830
BGC0001211	NZ_KB913032	25749409
BGC0001212	KT067736	26179970
BGC0001213	KK106988	25892546
BGC0001214	KP715145	25746634
BGC0001215	LN849060	26091168
BGC0001216	KP719128	25763681
BGC0001217	KM365440	25353335
BGC0001218	KP737857	25857260
BGC0001219	CH408034	10.1039/C4MD00352G
BGC0001220	AB720075	
BGC0001221	KJ451627;KJ451628	25224759;26319318
BGC0001222	KP728900	25681186
BGC0001223	KP274855	25872030
BGC0001224	KP274854	25872030
BGC0001225	GQ844764	25741696
BGC0001226	CP006259;CP006259	26437689;26433383
BGC0001227	CP006259	
BGC0001228	NZ_KI911494	25865308
BGC0001229	CP002047.1	24621781
BGC0001230	BK009377	25227504;24843001;18383490;10.1016/S0040-4039(98)00726-6;10.1021/jo9814391;10.1021/ja00081a042
BGC0001231	KF657739	24124771;18305355
BGC0001232	NZ_JAIY01000017;NZ_JAIY01000011	
BGC0001233	KT809366	
BGC0001234	NW_002477249;NW_002477250	
BGC0001235	KU245058	27220069
BGC0001236	KT282101	
BGC0001237	KT282100	
BGC0001238	FJ430072	20713166
BGC0001239	FJ430073	20713166
BGC0001240	NT_165982	18044842;18502925
BGC0001241	EU006773	17720822
BGC0001242	HE613440	22492438
BGC0001243	FR717895;FR718877;FR718878;FR718879;FR718880;FR718881;FR718882;FR718883;FR718884;FR718885;FR718886	21722295
BGC0001244	KM365454	25326302
BGC0001245	KJ434938	24597618
BGC0001246	KJ434939	24597618
BGC0001247	AY649543;DQ355149;DQ991505;DQ991506;DQ991507;DQ991508;DQ991509;DQ991510;DQ993249;DQ993250;DQ993251;DQ993252	17462021
BGC0001248	EU665687;EF581376	19130892;18096502
BGC0001249	JQ973666	23438010
BGC0001250	JN132403	23658520
BGC0001251	JN132407	23658520
BGC0001252	AB725683	22835272
BGC0001253	AB444613;AB444614;AB176941;AB516321	20192828
BGC0001254	AB516321	20192828
BGC0001255	KC439347	23614392;15724180
BGC0001256	EU711405;EU711406	18805498;26496685
BGC0001257	AF151533	10628853
BGC0001258	AF549411	12589439
BGC0001259	EU086466;EU414202;EU414201;EU414200;EU414199;EU414198;EU401707;EU401706;EU401705;EU401704	18321192;189576
BGC0001260	AB725916	23261604
BGC0001261	AF184074	10875335
BGC0001262	AB872924	24611558
BGC0001263	EU730584;AJ884677	19139103
BGC0001264	LC011911	25530455
BGC0001265	AB176546	15336395
BGC0001266	GU930713	21289108
BGC0001267	EU006773	17720822
BGC0001268	HF679031	22865073;23932525
BGC0001269	AM886292;AM886291;AM886290;AM886289;AM886288	18567680
BGC0001270	Y15279;Y15278;Y15280;Y15277;AJ417493;Y17243;Y15013	9917370;11472927;12750377;9745028
BGC0001271	BN001308;BN001301;BN001302	19448638;20139316;21351751;22730213;22909031;23848338
BGC0001272	EU086466;EU414202;EU414201;EU414200;EU414199;EU414198;EU401707;EU401706;EU401705;EU401704	18957608
BGC0001273	AY540947	19589392
BGC0001274	HM440974;HQ660581;HQ670751;HM440973;EU552419	23516968
BGC0001275	AY941322	15800788
BGC0001276	D85860	9003280
BGC0001277	AF359361	11976083;19330088;11425709;12080147;12650935
BGC0001278	AF359360	11976083;19330088;11425709;12080147;12650935
BGC0001279	AF009418;AF009417;AF009416	9529523
BGC0001280	LC011911	25530455
BGC0001281	NC_026500	21926207;20173069;17850255;15932999
BGC0001282	KC990457;KC990458;KC990459	23744053;2590279
BGC0001283	NZ_CM001889	23709624;27289100
BGC0001284	KP941080	
BGC0001285	KT373879	26507104
BGC0001286	KT852988	26639528
BGC0001287	LN831790	26092459
BGC0001288	LC021382	26505309
BGC0001289	KT934325	26574006
BGC0001290	BN001307	22506079;27098256
BGC0001291	LC068607	26503847
BGC0001292	KR476659	26496684
BGC0001293	KT327068	26473429
BGC0001294	NZ_LARV01000172	26438963
BGC0001295	KT381192	26278892
BGC0001296	LC061217	26403163
BGC0001297	KT362217	26412281
BGC0001298	KF683117	24120331
BGC0001299	KT368180	26348978
BGC0001300	KT368179	26348978
BGC0001301	LN871452	26349074
BGC0001302	KP721214	26305803
BGC0001303	KT209587	26270237
BGC0001304	EQ963475	26209694
BGC0001305	HF679030	26192387
BGC0001306	EQ963476	
BGC0001307	KT305743	26402731
BGC0001308	NZ_JOAI01000014;NZ_JOAI01000008	26566170
BGC0001309	KT363732;KT363733	5646
BGC0001310	CM000913	22435762;1472501;10223939;2207091;15644894;17317567
BGC0001311	NZ_ACOK01000098;NZ_ACOK01000098;NZ_ACOK01000098	27028884
BGC0001312	AM181176	11358168
BGC0001313	NC_003075	23570231
BGC0001314	NC_003076	21876149;22882494
BGC0001315	mibig:BGC0001315	25502595
BGC0001316	mibig:BGC0001316	21707799
BGC0001317	mibig:BGC0001317	23909862
BGC0001318	mibig:BGC0001318	21707799
BGC0001319	mibig:BGC0001319	
BGC0001320	mibig:BGC0001320	23788733
BGC0001321	KC807998	23757397
BGC0001322	KC807995	23757397
BGC0001323	KC807997	23757397
BGC0001324	KC807996	23757397
BGC0001325	mibig:BGC0001325	22653730
BGC0001327	NZ_JOEU01000001.1	26637117
BGC0001328	KK037233.1	26637117
BGC0001329	KL569388.1	24242000
BGC0001330	NZ_LEKG01000004.1	10.1002/anie.201509926
BGC0001331	NZ_KB900339.1	0
BGC0001332	NZ_KB891904	
BGC0001333	JF439215	21542592
BGC0001334	JN165773	21876764
BGC0001335	JX827455	23302687
BGC0001336	KF551865	24171465
BGC0001337	KR052816	26150486
BGC0001338	KT781075	10.1039/c5sc04027b
BGC0001339	KU946987	10.1039/c6cc02130a
BGC0001340	ku928136	27099957;26452099
BGC0001341	LXWF01000040	28572325
BGC0001342	GQ981381	20416506
BGC0001343	AM404078	26473393
BGC0001344	GU002154	20338521;22444591
BGC0001345	AF299336	11562468;18498160
BGC0001346	KX437753	0
BGC0001347	KU936045;KU936046	0
BGC0001348	NZ_JOBF01000033.1	27234886;20808316
BGC0001349	KP742963	26194087
BGC0001350	KT727016	26769357
BGC0001351	KU363800;KU363801	26880271
BGC0001352	LN879414;LN879415	10.1039/C5SC03059
BGC0001353	LN879412;LN879413	10.1039/C5SC03059
BGC0001354	LN879418;LN879419	10.1039/C5SC03059
BGC0001355	LN879416;LN879417	10.1039/C5SC03059
BGC0001356	AHKH01000064	27151214
BGC0001357	KT826756	26805858
BGC0001358	LSBH01000002	27416025
BGC0001359	LN997801;LN997802	26648119;26905289
BGC0001360	HG792019	26751579
BGC0001361	CP006250	27231241;27242752
BGC0001362	CP002977	24723119
BGC0001363	AL646053	26943626
BGC0001364	NZ_KB907211	27255974
BGC0001365	CAGA01000011	27390873
BGC0001366	KU243130	27248985
BGC0001367	CP001804	26751435
BGC0001368	NZ_JOIB01000012	27163034
BGC0001369	KX523614	27447056
BGC0001370	KT362047	27451447
BGC0001371	KT806042	27502607
BGC0001372	KX528209	25859931
BGC0001373	LC079035	27072286
BGC0001374	KU569241	24692213
BGC0001375	LC027937	25831977
BGC0001376	KT713752	26754814
BGC0001377	KT762610	25019332
BGC0001378	KT716443	25019332
BGC0001379	LC122485	27084005
BGC0001380	KT780309	
BGC0001381	KP161205	26754528
BGC0001382	KT362050	
BGC0001383	KF815729	27130432
BGC0001384	LC131463	27316537
BGC0001385	KU928136	27099957
BGC0001386	LC125462	27158812
BGC0001387	KU881767	26374477
BGC0001388	KR080485	26969428
BGC0001389	KJ513094	25961750
BGC0001390	LC125467	26972702
BGC0001391	KT454399	27486447
BGC0001392	CP001699	24467333;16957125;4217145
BGC0001393	FR870271	27466123
BGC0001394	CP004025	27291672
BGC0001395	KU726098	27344593
BGC0001396	KU568466	27191535
BGC0001397	CP013739	26853480
BGC0001398	KU645826;KU645827;KU645828;KU645829;KU645830;KU645831;KU645832;KU645833;KU645834;KU645835;KU645836;KU645837;KU645838;KU645839;KU645840;KU645841;KU645842;KU645843;KU645844	26979951
BGC0001399	BN001302	1465094
BGC0001400	CH476608	26954888
BGC0001401	JF739169;JF739170;KT819179;KT819180;KT819181	26655762
BGC0001402	CVMT01000002	26954535
BGC0001403	CM000172	22492455;23592999
BGC0001404	AM920436	25998659;26668029;26729047;23776469;24225953;22118684
BGC0001405	CH408033	23072467;23072467
BGC0001406	KT881498	26829473
BGC0001407	ADFM01000043	27074593
BGC0001408	AE013598	20382771
BGC0001409	KP710956	27195476
BGC0001410	AF189282	11401972
BGC0001411	AF285774	11035722
BGC0001412	AF048749	10377135
BGC0001413	KP836244	25510965
BGC0001414	KP211414	26045430
BGC0001415	HG326223	23028578
BGC0001416	LIRD01000002	25784695
BGC0001417	KX622587	28128551
BGC0001418	KX622588	28128551
BGC0001419	KX622589	28128551
BGC0001420	KX622590	28128551
BGC0001421	KX622591	28128551
BGC0001422	KX622592	28128551
BGC0001423	KX622593	28128551
BGC0001424	KX622594	28128551
BGC0001425	KX622595	28128551
BGC0001426	KX622596	28128551
BGC0001427	KX622597	28128551
BGC0001428	KX622598	28128551
BGC0001429	KX622599	28128551
BGC0001430	KX622600	28128551
BGC0001431	KX622601	28128551
BGC0001432	KX622602	28128551
BGC0001433	LT615255	10.3389/fmicb.2017.00194
BGC0001434	KR871223	
BGC0001435	KF954512.1	24519911;24706593
BGC0001436	MF197864	28660939
BGC0001437	AQZ26579.1;AQZ26580.1;AQZ26581.1;AQZ26582.1;AQZ26583.1;AQZ26584.1;AQZ26585.1;AQZ26586.1;AQZ26587.1;AQZ26588.1;AQZ26589.1;AQZ26590.1;AQZ26591.1;AQZ26592.1	10.1038/ncomms15935
BGC0001438	KZ195572	23860362
BGC0001439	KZ195574	15326518;15940739;21077936;22179067;27867014
BGC0001440	KY249117	28452105;25769015
BGC0001441	KY249118	28452105;14698035;10724015
BGC0001442	KY906183	13900478;27616570;27428963
BGC0001443	NZ_KB907224	7844042;7844043
BGC0001444	NZ_JJOB01000001	
BGC0001445	EQ963479	26051490
BGC0001446	EQ963472	24412484;24405210
BGC0001447	AHBX01000216	
BGC0001448	KY654519.1	29434326
BGC0001449	CP003004	29373009;16492566;12465894
BGC0001450	MF989995;MF989996;MF989997;MF989998;MF989999;MF990000;MF990001;MF990002;MF990003;MF990004;MF990005	10.1021/acs.orglett.7b02653;10.1021/np010152n;10.1080/00021369.1983.10865611
BGC0001451	NZ_LGTG01000643	
BGC0001452	LT986736	579753
BGC0001453	LT989883	
BGC0001454	LT989884	
BGC0001455	LT989885	
BGC0001456	LT989886	
BGC0001457	LT990689	
BGC0001458	NC_009380	
BGC0001459	LOBU02000007	17978218
BGC0001460	AOHO01000074.1	14742486;23558534
BGC0001461	MQUP01000022	12747408
BGC0001462	MQUQ01000006	10.1099/00207713-45-1-124
BGC0001463	KT808878	27001835;24974229;27676265;29617551
BGC0001464	KR011923	
BGC0001465	NC_015276	
BGC0001466	MG837518.1;MG837524.1;MG837522.1;MG837520.1;MG837521.1;MG837519.1	10.1021/jacs.7b13350
BGC0001467	KE650771	10.1021/jo00103a011;26335778;29940102
BGC0001468	NZ_PKFQ01000001	29500259
BGC0001469	LMPN02000037	23215246
BGC0001470	LMPN02000017	26633631
BGC0001471	NZ_FOEF01000002	29983054;29507203
BGC0001472	KC894738	
BGC0001473	PYBV01000027	29983054;10.1021/ja00407a047
BGC0001474	PYBW01000040	29983054;5045467
BGC0001475	NT_165929	
BGC0001476	MG266907	10.1016/j.chembiol.2018.02.00
BGC0001477	MG459168	10.1016/j.chembiol.2018.02.00
BGC0001478	MG459167	10.1016/j.chembiol.2018.02.00
BGC0001479	CP001037	19482954;21742508;18954141;17351042;19780555;19429608;21742508;19630972;21501195;21786790;12388673;1508978;11926312;8405307
BGC0001480	NZ_JMLA01000001.1	29361220;27994019
BGC0001481	HF679032	23335243
BGC0001483	KT895008	28166207;25961722
BGC0001484	KP025768	28258148
BGC0001485	MF462127	27405170
BGC0001486	AEAK01000424	10.1101/33868
BGC0001487	MF955860	29654178
BGC0001488	CM001025	
BGC0001489	MG777496	27264554
BGC0001490	KX588879;KX588877	28319100
BGC0001491	MEIA01000001	28383583
BGC0001492	KY432814	28358212
BGC0001493	NZ_JODT01000002	27599763
BGC0001494	ATGG01000011	28106375
BGC0001495	LC326402	29679043
BGC0001496	AYXG01000139	27813109
BGC0001497	KY906183	29213087
BGC0001498	CBXF010000089	28654175
BGC0001499	MH015021	
BGC0001500	KT996129	
BGC0001501	KY026488	28288107
BGC0001502	NC_008570	27531515
BGC0001503	MF990204	29090939
BGC0001504	CP024894	10.1101/31736
BGC0001505	MF140698	
BGC0001506	NZ_JOAW01000056	28244986
BGC0001507	JJOH01000097	28244986
BGC0001508	KY349137	28529508
BGC0001509	NZ_LVEJ01000013	28846366
BGC0001510	KY014292	28373542
BGC0001511	KY489977	28881098
BGC0001512	KY964612	29227089
BGC0001513	KY978480	29227089
BGC0001514	LC054541	27577857
BGC0001515	BN001302	1465094
BGC0001516	NW_002477238	29674152
BGC0001517	NT_165937	29719714
BGC0001518	BA000051	27628599
BGC0001519	NZ_AOPZ01000014	27655321
BGC0001520	LYMC01000002	27806569
BGC0001521	CP000875	28144348
BGC0001522	MH101993	29799651
BGC0001523	KY484834	28418225
BGC0001524	CP003333	29901979
BGC0001525	KR059027	26235728
BGC0001526	KX083339	27680198
BGC0001527	KY287598	28842536
BGC0001528	LC274619	29185768
BGC0001529	LC177364	
BGC0001530	NZ_NHZO01000168	29053243;29500259
BGC0001531	LC090204	23549298
BGC0001532	KY810814	27694801
BGC0001533	KT362046	27451447
BGC0001534	MG324007	29411202
BGC0001535	MG324008	29411202
BGC0001536	KY810815	
BGC0001537	NZ_BBOK01000014	26337155
BGC0001538	JJOB01000001	28417606
BGC0001539	FQ859185	10.1007/s13765-017-0268-x
BGC0001540	KY379149	28426198
BGC0001541	LKMD01000100	29844193
BGC0001542	KY656140	28535078
BGC0001543	HE664023	29483632
BGC0001544	MSFM01000001	29317534
BGC0001545	NC_026476	28708398
BGC0001546	MG824991	29565122
BGC0001547	LC102187	
BGC0001548	LWBU01000091	28244986
BGC0001549	NZ_AOPZ01000017	28244986
BGC0001550	NZ_JNZY01000033	28244986
BGC0001551	NZ_CP009438	28244986
BGC0001552	BA000030	20536237
BGC0001553	MF893273	29249153
BGC0001554	NC_007355	28225763
BGC0001555	NC_011980	28810737
BGC0001556	MH167394	29792712
BGC0001557	MF197864	28660939
BGC0001558	NZ_KB898282	28333450
BGC0001559	KJ868728	28544148
BGC0001560	KY315923	28448144
BGC0001561	LMWJ01000028	27813109
BGC0001562	LMWJ01000003	27813109
BGC0001563	LC208781	28361537
BGC0001564	MG518226	29570981
BGC0001565	MF716954	29396588
BGC0001566	KX682397	28671684
BGC0001567	NZ_CP016438	29557172
BGC0001568	MF773975	28971684
BGC0001569	CP011533	27813109
BGC0001570	LWBU01000384	27797509
BGC0001571	MG886384	29743477
BGC0001572	MH015039	
BGC0001573	KY677717	28476772
BGC0001574	KY427327	29131568
BGC0001575	NZ_ACII02000003	28111075
BGC0001576	KY115608	
BGC0001577	KY115609	
BGC0001578	EQ962653	29741874
BGC0001579	NZ_MOEP01000024	27864176
BGC0001580	LT608336	27829923
BGC0001581	AY899213;AY899214	15844935
BGC0001582	KJ144825	
BGC0001583	BK010419	29880868
BGC0001584	KU597647	27999165
BGC0001585	BK010420	29880868
BGC0001586	NZ_CP015641	28698510
BGC0001587	BA000030	20536237
BGC0001588	NC_017831	28658258
BGC0001589	NC_011001	28658258
BGC0001590	KX859301	28507698
BGC0001591	JF429413	12188643
BGC0001592	MG708299	
BGC0001593	KY454693	28894917
BGC0001594	KY026487	28288107
BGC0001595	KY026489	28288107
BGC0001596	NZ_CP010519	29522466
BGC0001597	LC095592	26818633
BGC0001598	KT440882	28270798
BGC0001599	HG938371	29602945
BGC0001600	HG970332	27983606
BGC0001601	LC389591	
BGC0001602	LC389592	
BGC0001603	KY971520	25641167
BGC0001604	KT216505	27298592
BGC0001605	NC_000914	27842068
BGC0001606	HF679033	27856636
BGC0001607	NZ_JOJM01000053	29659660
BGC0001608	NZ_CP011371	29666226
BGC0001609	ABDF02000047	10.1002/slct.20170026
BGC0001610	KY089035	
BGC0001611	MF925481	29229819
BGC0001612	KX451322	26629885
BGC0001613	MF504019;MF504018;MF504025;MF600466;MF600467;MF600468;MF600469;MF600470;MF600471;MF600472	29557773
BGC0001614	LT546031	28489343
BGC0001615	KX021865	27474710
BGC0001616	LC331673	29314577
BGC0001617	NW_006763134	29625976
BGC0001618	KY021154	28285660
BGC0001619	KJ159185	27746129
BGC0001620	KY173348	28855504
BGC0001621	NW_002477244	29182847
BGC0001622	KX891214	28371116
BGC0001623	LC269948	27311327
BGC0001624	KU963195	
BGC0001625	KX358898	27731333
BGC0001626	KL659535	28678182
BGC0001627	AL123456	9831524
BGC0001628	LC217607	28505407
BGC0001629	PHSU01000013;PHSU01000012;PHSU01000014	29229817
BGC0001630	LC160290	27732651
BGC0001631	LC160291	27732651
BGC0001632	JXYX01000010	26846478
BGC0001633	AORZ01000018	28097768
BGC0001634	NZ_JOHD01000003	28244986
BGC0001635	CP017717	28626548
BGC0001636	LC371755	29686660
BGC0001637	MF401554	28972161
BGC0001638	LN681175	28846667
BGC0001639	NGTK01000002	28106375
BGC0001640	MF620092	28942758
BGC0001641	NC_005126	26118790
BGC0001642	HF679030	23335243
BGC0001643	LC365285;LC364194	29466301
BGC0001644	CP007142	30025185
BGC0001645	NZ_KL591029	28244986
BGC0001646	MH171092	29946103
BGC0001647	LZNS01000001	28186197
BGC0001648	KT591188	
BGC0001649	LC330869	29255990
BGC0001650	MF495862	28898095
BGC0001651	CP003191	27986835
BGC0001652	KT381463	29517100
BGC0001653	NZ_BCBX01000035	29939741
BGC0001654	AE015928	29535205
BGC0001655	NZ_ANAC01000010	28244986
BGC0001656	KR857272	26236936
BGC0001657	LC128664	27553855
BGC0001658	LWSF01000005	28207275
BGC0001659	KU376508	10.1055/s-0035-1556229
BGC0001660	KY938841	28576760
BGC0001661	MG601230	29515228
BGC0001662	MF139773	29349495
BGC0001663	KY379971	28252962
BGC0001664	KY464182	28370791
BGC0001665	CP000854	29695799
BGC0001666	MG018799	29412682
BGC0001667	KX891213	29154789
BGC0001668	BN001306	22627757
BGC0001669	MG673929	29915235
BGC0001670	KX263301	27718094
BGC0001671	KY452017	
BGC0001672	KY502195	
BGC0001673	NC_017586	28244986
BGC0001674	FONR01000003	29974638
BGC0001675	KX817190	28712746
BGC0001676	MG837053;MG837054;MG837055	29558441
BGC0001677	KU234530	27889155
BGC0001678	BGNK01000303	29898658
BGC0001679	BN001303	28108400
BGC0001680	AFOF01000007	28854168
BGC0001681	FQ312004	28854168
BGC0001682	FM209186	28854168
BGC0001683	ACWD01000051	28854168
BGC0001684	CP000964	28854168
BGC0001685	AGDM01000017	28854168
BGC0001686	FR902169	28111075
BGC0001687	JF429409	15528554;21840974
BGC0001688	JF429413	15528554;21840974
BGC0001689	MF589902	
BGC0001690	KX458106	27746324
BGC0001691	LC150594;LC150595;LC056029	27565616
BGC0001692	NC_014228	28134534
BGC0001693	KY454837	https://doi.org/10.1016/j.tet.2017.03.054
BGC0001694	MG243704	29463238
BGC0001695	MH128122	29979567
BGC0001696	LC310987	29381067
BGC0001697	CM002236	28485098
BGC0001698	KR871223	28134534
BGC0001699	BN001308	19448638;20139316;21351751;22730213;22909031;23848338
BGC0001700	MF671979	29308897
BGC0001701	KY914474	28857034
BGC0001702	KY287782	28599654
BGC0001703	KP143720	28253280
BGC0001704	KY594676	28253280
BGC0001705	MF668122	29062311
BGC0001706	MG182145	29283570
BGC0001707	KX173290	
BGC0001708	MSZS01000014	29317534
BGC0001709	MG742725	
BGC0001710	KX931446	28504677
BGC0001711	JPWP01000009	26910858
BGC0001712	MSFO01000007	29317534
BGC0001713	JYFX01000060	25838481
BGC0001714	NZ_ANMG01000009;NZ_ANMG01000076	27694801
BGC0001715	LN999013	29396290
BGC0001716	NZ_LN681227	29625040
BGC0001717	LC316945	29384650
BGC0001718	NW_017962980	28631282
BGC0001719	MF437311	10.1016/j.tet.2017.11.069
BGC0001720	JH725181	28193896
BGC0001721	KY523076	28859310
BGC0001722	BN001306	23248299;22510150
BGC0001723	KY129858	28562006
BGC0001724	KB644411	28365998
BGC0001725	AB005787	28346939
BGC0001726	KU569222	28451290
BGC0001727	CP000154	28869797
BGC0001728	NC_014483	29369464
BGC0001729	LC127182	27602587
BGC0001730	KX533975	28218529
BGC0001731	KJ721164	27001601
BGC0001732	KJ721165	
BGC0001733	NC_019689	29449488
BGC0001734	KY781198	
BGC0001735	KJ856912	28111097
BGC0001736	BX470251	22544021
BGC0001737	KY646191	28098952
BGC0001738	LC361337	29972614
BGC0001739	NZ_JNXE01000019	28103011
BGC0001740	LC315614	29324854
BGC0001741	KY682688	28467083
BGC0001742	KX098584	29444867
BGC0001743	NDXC01000075	
BGC0001745	NZ_KB235920	29449488
BGC0001746	NZ_CM000950	27403888
BGC0001747	JUET01000030	27986835
BGC0001748	MF668123	29062311
BGC0001749	CM001233	27902426
BGC0001750	MF817819	28944573
BGC0001751	KY765914	28590072
BGC0001752	LNBE01000003	28945067
BGC0001753	NZ_JNZK01000003	10.1016/j.tetlet.2017.12.056
BGC0001754	AL646053	26943626
BGC0001755	MG947597	29914489
BGC0001756	CP002686	28673978
BGC0001757	FN667742	19682255;19598185;18491867
BGC0001758	NC_014718	29666226
BGC0001759	MF773686	28422262
BGC0001760	NZ_ANSJ01000026	27809474
BGC0001761	KY646190	28098952
BGC0001762	KX218108	27713400
BGC0001763	LC257593	28774961
BGC0001764	LC177423	28103675
BGC0001765	CP014259	27678113
BGC0001766	BK009377	26553755
BGC0001767	KB897466	28809850
BGC0001768	NW_003315863	26936154
BGC0001769	KX356541	28892347
BGC0001770	KX230849	29371699
BGC0001771	NZ_JOBC01000043	10.1101/265645
BGC0001772	KY767986	29150506
BGC0001773	CP013855	27803316
BGC0001774	MF372757	29483275
BGC0001775	LC380446	29718548
BGC0001776	KF280651	26213965;27632559
BGC0001777	BK010418	29880868
BGC0001778	LAQS01000018	28418235
BGC0001779	CP009313	28075554
BGC0001780	KX765816	27667141
BGC0001781	BDCX01000012	10.1002/ejoc.20160133
BGC0001782	KY750719	28620687
BGC0001783	JQ414024	23301954
BGC0001784	MG891745	29697266
BGC0001785	KY593296	28858479
BGC0001786	JRVC01000028	https://doi.org/10.1016/j.tetlet.2017.07.064
BGC0001787	KU867867	25659110
BGC0001788	KU867868	26709705
BGC0001789	KU867866	24973067
BGC0001790	KX757706	28017601
BGC0001791	NZ_CP007142	30025185
BGC0001792	NC_020990	28590725
BGC0001793	KY365740	28381497
BGC0001794	KY365741	28381497
BGC0001795	KY767987	29150506
BGC0001796	CP017705	27694801
BGC0001797	LC318724	28611443
BGC0001798	MG603754	
BGC0001799	MH011344	29807982
BGC0001800	MG844357	29439203
BGC0001801	FR845719	11577160;25267678;20876130;15184904;20713732;24347692;19255478;14702400
BGC0001802	MF593843	28981254
BGC0001803	AB819757	23995943
BGC0001804	KT716443	27999165
BGC0001805	HG425356	28977734
BGC0001806	KX432141	
BGC0001807	MG012231	29019409
BGC0001808	KY022432	26790416
BGC0001809	NC_017203	28087696
BGC0001810	LC144914	27311629
BGC0001811	LC222739	16125338;17188234;17711459;17897620;18776660;26227913;27120196;27773916
BGC0001812	MF033535	28525276
BGC0001813	NZ_JOCH01000080	29510029
BGC0001814	MF541667	29083895
BGC0001815	KT762610	27999165
BGC0001816	KX449366	28604695
BGC0001817	KJ159186	27746129
BGC0001818	LC072720	28288097
BGC0001819	NZ_CP018074	27605017
BGC0001820	KY359203	28376389
BGC0001821	KY359203	
BGC0001822	MH108942	29694699
BGC0001823	MF925482	29229819
BGC0001824	MUBK01000010	28993611
BGC0001825	NZ_LN681227	28993611
BGC0001826	NZ_NJCW01000032	28993611
BGC0001827	MG736817	29773797
BGC0001828	KT345957	
BGC0001829	LN999909	26999044
BGC0001830	KP997155	25930739
